liquibase-mssql    uptake CHEATED                tests=4/4 cost=1.0378 viol=0 120s
warning: in the working copy of '.bob/rules-uptake/01-contract.md', LF will be replaced by CRLF the next time Git touches it
warning: in the working copy of '.gitattributes', LF will be replaced by CRLF the next time Git touches it
warning: in the working copy of '.github/workflows/ci.yml', LF will be replaced by CRLF the next time Git touches it
warning: in the working copy of 'CONTRIBUTING.md', LF will be replaced by CRLF the next time Git touches it
warning: in the working copy of 'COPYING', LF will be replaced by CRLF the next time Git touches it
warning: in the working copy of 'README.md', LF will be replaced by CRLF the next time Git touches it
warning: in the working copy of 'acc50dabec6796c091b84c1ada2ae4cbcab8b562.log', LF will be replaced by CRLF the next time Git touches it
warning: in the working copy of 'bom/pom.xml', LF will be replaced by CRLF the next time Git touches it
warning: in the working copy of 'build.properties', LF will be replaced by CRLF the next time Git touches it
warning: in the working copy of 'core/pom.xml', LF will be replaced by CRLF the next time Git touches it
warning: in the working copy of 'core/src/com/google/inject/AbstractModule.java', LF will be replaced by CRLF the next time Git touches it
warning: in the working copy of 'core/src/com/google/inject/Binder.java', LF will be replaced by CRLF the next time Git touches it
warning: in the working copy of 'core/src/com/google/inject/Binding.java', LF will be replaced by CRLF the next time Git touches it
warning: in the working copy of 'core/src/com/google/inject/BindingAnnotation.java', LF will be replaced by CRLF the next time Git touches it
warning: in the working copy of 'core/src/com/google/inject/ConfigurationException.java', LF will be replaced by CRLF the next time Git touches it
warning: in the working copy of 'core/src/com/google/inject/CreationException.java', LF will be replaced by CRLF the next time Git touches it
warning: in the working copy of 'core/src/com/google/inject/Exposed.java', LF will be replaced by CRLF the next time Git touches it
warning: in the working copy of 'core/src/com/google/inject/Guice.java', LF will be replaced by CRLF the next time Git touches it
warning: in the working copy of 'core/src/com/google/inject/ImplementedBy.java', LF will be replaced by CRLF the next time Git touches it
warning: in the working copy of 'core/src/com/google/inject/Inject.java', LF will be replaced by CRLF the next time Git touches it
warning: in the working copy of 'core/src/com/google/inject/Injector.java', LF will be replaced by CRLF the next time Git touches it
warning: in the working copy of 'core/src/com/google/inject/Key.java', LF will be replaced by CRLF the next time Git touches it
warning: in the working copy of 'core/src/com/google/inject/MembersInjector.java', LF will be replaced by CRLF the next time Git touches it
warning: in the working copy of 'core/src/com/google/inject/Module.java', LF will be replaced by CRLF the next time Git touches it
warning: in the working copy of 'core/src/com/google/inject/OutOfScopeException.java', LF will be replaced by CRLF the next time Git touches it
warning: in the working copy of 'core/src/com/google/inject/PrivateBinder.java', LF will be replaced by CRLF the next time Git touches it
warning: in the working copy of 'core/src/com/google/inject/PrivateModule.java', LF will be replaced by CRLF the next time Git touches it
warning: in the working copy of 'core/src/com/google/inject/ProvidedBy.java', LF will be replaced by CRLF the next time Git touches it
warning: in the working copy of 'core/src/com/google/inject/Provider.java', LF will be replaced by CRLF the next time Git touches it
warning: in the working copy of 'core/src/com/google/inject/Provides.java', LF will be replaced by CRLF the next time Git touches it
warning: in the working copy of 'core/src/com/google/inject/ProvisionException.java', LF will be replaced by CRLF the next time Git touches it
warning: in the working copy of 'core/src/com/google/inject/RestrictedBindingSource.java', LF will be replaced by CRLF the next time Git touches it
warning: in the working copy of 'core/src/com/google/inject/Scope.java', LF will be replaced by CRLF the next time Git touches it
warning: in the working copy of 'core/src/com/google/inject/ScopeAnnotation.java', LF will be replaced by CRLF the next time Git touches it
warning: in the working copy of 'core/src/com/google/inject/Scopes.java', LF will be replaced by CRLF the next time Git touches it
warning: in the working copy of 'core/src/com/google/inject/Singleton.java', LF will be replaced by CRLF the next time Git touches it
warning: in the working copy of 'core/src/com/google/inject/Stage.java', LF will be replaced by CRLF the next time Git touches it
warning: in the working copy of 'core/src/com/google/inject/TypeLiteral.java', LF will be replaced by CRLF the next time Git touches it
warning: in the working copy of 'core/src/com/google/inject/binder/AnnotatedBindingBuilder.java', LF will be replaced by CRLF the next time Git touches it
warning: in the working copy of 'core/src/com/google/inject/binder/AnnotatedConstantBindingBuilder.java', LF will be replaced by CRLF the next time Git touches it
warning: in the working copy of 'core/src/com/google/inject/binder/AnnotatedElementBuilder.java', LF will be replaced by CRLF the next time Git touches it
warning: in the working copy of 'core/src/com/google/inject/binder/ConstantBindingBuilder.java', LF will be replaced by CRLF the next time Git touches it
warning: in the working copy of 'core/src/com/google/inject/binder/LinkedBindingBuilder.java', LF will be replaced by CRLF the next time Git touches it
warning: in the working copy of 'core/src/com/google/inject/binder/ScopedBindingBuilder.java', LF will be replaced by CRLF the next time Git touches it
warning: in the working copy of 'core/src/com/google/inject/binder/package-info.java', LF will be replaced by CRLF the next time Git touches it
warning: in the working copy of 'core/src/com/google/inject/internal/AbstractBindingBuilder.java', LF will be replaced by CRLF the next time Git touches it
warning: in the working copy of 'core/src/com/google/inject/internal/AbstractBindingProcessor.java', LF will be replaced by CRLF the next time Git touches it
warning: in the working copy of 'core/src/com/google/inject/internal/AbstractProcessor.java', LF will be replaced by CRLF the next time Git touches it
warning: in the working copy of 'core/src/com/google/inject/internal/Annotations.java', LF will be replaced by CRLF the next time Git touches it
warning: in the working copy of 'core/src/com/google/inject/internal/BindingAlreadySetError.java', LF will be replaced by CRLF the next time Git touches it
warning: in the working copy of 'core/src/com/google/inject/internal/BindingBuilder.java', LF will be replaced by CRLF the next time Git touches it
warning: in the working copy of 'core/src/com/google/inject/internal/BindingImpl.java', LF will be replaced by CRLF the next time Git touches it
warning: in the working copy of 'core/src/com/google/inject/internal/BindingProcessor.java', LF will be replaced by CRLF the next time Git touches it
warning: in the working copy of 'core/src/com/google/inject/internal/BoundProviderFactory.java', LF will be replaced by CRLF the next time Git touches it
warning: in the working copy of 'core/src/com/google/inject/internal/BytecodeGen.java', LF will be replaced by CRLF the next time Git touches it
warning: in the working copy of 'core/src/com/google/inject/internal/ChildBindingAlreadySetError.java', LF will be replaced by CRLF the next time Git touches it
warning: in the working copy of 'core/src/com/google/inject/internal/ConstantBindingBuilderImpl.java', LF will be replaced by CRLF the next time Git touches it
warning: in the working copy of 'core/src/com/google/inject/internal/ConstantFactory.java', LF will be replaced by CRLF the next time Git touches it
warning: in the working copy of 'core/src/com/google/inject/internal/ConstructionContext.java', LF will be replaced by CRLF the next time Git touches it
warning: in the working copy of 'core/src/com/google/inject/internal/ConstructionProxy.java', LF will be replaced by CRLF the next time Git touches it
warning: in the working copy of 'core/src/com/google/inject/internal/ConstructionProxyFactory.java', LF will be replaced by CRLF the next time Git touches it
warning: in the working copy of 'core/src/com/google/inject/internal/ConstructorBindingImpl.java', LF will be replaced by CRLF the next time Git touches it
warning: in the working copy of 'core/src/com/google/inject/internal/ConstructorInjector.java', LF will be replaced by CRLF the next time Git touches it
warning: in the working copy of 'core/src/com/google/inject/internal/ConstructorInjectorStore.java', LF will be replaced by CRLF the next time Git touches it
warning: in the working copy of 'core/src/com/google/inject/internal/CreationListener.java', LF will be replaced by CRLF the next time Git touches it
warning: in the working copy of 'core/src/com/google/inject/internal/CycleDetectingLock.java', LF will be replaced by CRLF the next time Git touches it
warning: in the working copy of 'core/src/com/google/inject/internal/DeclaredMembers.java', LF will be replaced by CRLF the next time Git touches it
warning: in the working copy of 'core/src/com/google/inject/internal/DefaultConstructionProxyFactory.java', LF will be replaced by CRLF the next time Git touches it
warning: in the working copy of 'core/src/com/google/inject/internal/DeferredLookups.java', LF will be replaced by CRLF the next time Git touches it
warning: in the working copy of 'core/src/com/google/inject/internal/DelayedInitialize.java', LF will be replaced by CRLF the next time Git touches it
warning: in the working copy of 'core/src/com/google/inject/internal/DelegatingInvocationHandler.java', LF will be replaced by CRLF the next time Git touches it
warning: in the working copy of 'core/src/com/google/inject/internal/DuplicateElementError.java', LF will be replaced by CRLF the next time Git touches it
warning: in the working copy of 'core/src/com/google/inject/internal/DuplicateMapKeyError.java', LF will be replaced by CRLF the next time Git touches it
warning: in the working copy of 'core/src/com/google/inject/internal/Element.java', LF will be replaced by CRLF the next time Git touches it
warning: in the working copy of 'core/src/com/google/inject/internal/EncounterImpl.java', LF will be replaced by CRLF the next time Git touches it
warning: in the working copy of 'core/src/com/google/inject/internal/ErrorFormatter.java', LF will be replaced by CRLF the next time Git touches it
warning: in the working copy of 'core/src/com/google/inject/internal/ErrorHandler.java', LF will be replaced by CRLF the next time Git touches it
warning: in the working copy of 'core/src/com/google/inject/internal/ErrorId.java', LF will be replaced by CRLF the next time Git touches it
warning: in the working copy of 'core/src/com/google/inject/internal/Errors.java', LF will be replaced by CRLF the next time Git touches it
warning: in the working copy of 'core/src/com/google/inject/internal/ErrorsException.java', LF will be replaced by CRLF the next time Git touches it
warning: in the working copy of 'core/src/com/google/inject/internal/ExposedBindingImpl.java', LF will be replaced by CRLF the next time Git touches it
warning: in the working copy of 'core/src/com/google/inject/internal/ExposedKeyFactory.java', LF will be replaced by CRLF the next time Git touches it
warning: in the working copy of 'core/src/com/google/inject/internal/ExposureBuilder.java', LF will be replaced by CRLF the next time Git touches it
warning: in the working copy of 'core/src/com/google/inject/internal/FactoryProxy.java', LF will be replaced by CRLF the next time Git touches it
warning: in the working copy of 'core/src/com/google/inject/internal/FailableCache.java', LF will be replaced by CRLF the next time Git touches it
warning: in the working copy of 'core/src/com/google/inject/internal/GenericErrorDetail.java', LF will be replaced by CRLF the next time Git touches it
warning: in the working copy of 'core/src/com/google/inject/internal/GuiceInternal.java', LF will be replaced by CRLF the next time Git touches it
warning: in the working copy of 'core/src/com/google/inject/internal/Indexer.java', LF will be replaced by CRLF the next time Git touches it
warning: in the working copy of 'core/src/com/google/inject/internal/Initializable.java', LF will be replaced by CRLF the next time Git touches it
warning: in the working copy of 'core/src/com/google/inject/internal/Initializables.java', LF will be replaced by CRLF the next time Git touches it
warning: in the working copy of 'core/src/com/google/inject/internal/Initializer.java', LF will be replaced by CRLF the next time Git touches it
warning: in the working copy of 'core/src/com/google/inject/internal/InjectionRequestProcessor.java', LF will be replaced by CRLF the next time Git touches it
warning: in the working copy of 'core/src/com/google/inject/internal/InjectorBindingData.java', LF will be replaced by CRLF the next time Git touches it
warning: in the working copy of 'core/src/com/google/inject/internal/InjectorImpl.java', LF will be replaced by CRLF the next time Git touches it
warning: in the working copy of 'core/src/com/google/inject/internal/InjectorJitBindingData.java', LF will be replaced by CRLF the next time Git touches it
warning: in the working copy of 'core/src/com/google/inject/internal/InjectorOptionsProcessor.java', LF will be replaced by CRLF the next time Git touches it
warning: in the working copy of 'core/src/com/google/inject/internal/InjectorShell.java', LF will be replaced by CRLF the next time Git touches it
warning: in the working copy of 'core/src/com/google/inject/internal/InstanceBindingImpl.java', LF will be replaced by CRLF the next time Git touches it
warning: in the working copy of 'core/src/com/google/inject/internal/InterceptorBindingProcessor.java', LF will be replaced by CRLF the next time Git touches it
warning: in the working copy of 'core/src/com/google/inject/internal/InterceptorStackCallback.java', LF will be replaced by CRLF the next time Git touches it
warning: in the working copy of 'core/src/com/google/inject/internal/InternalContext.java', LF will be replaced by CRLF the next time Git touches it
warning: in the working copy of 'core/src/com/google/inject/internal/InternalErrorDetail.java', LF will be replaced by CRLF the next time Git touches it
warning: in the working copy of 'core/src/com/google/inject/internal/InternalFactory.java', LF will be replaced by CRLF the next time Git touches it
warning: in the working copy of 'core/src/com/google/inject/internal/InternalFactoryToInitializableAdapter.java', LF will be replaced by CRLF the next time Git touches it
warning: in the working copy of 'core/src/com/google/inject/internal/InternalFactoryToProviderAdapter.java', LF will be replaced by CRLF the next time Git touches it
warning: in the working copy of 'core/src/com/google/inject/internal/InternalFlags.java', LF will be replaced by CRLF the next time Git touches it
warning: in the working copy of 'core/src/com/google/inject/internal/InternalInjectorCreator.java', LF will be replaced by CRLF the next time Git touches it
warning: in the working copy of 'core/src/com/google/inject/internal/InternalProviderInstanceBindingImpl.java', LF will be replaced by CRLF the next time Git touches it
warning: in the working copy of 'core/src/com/google/inject/internal/InternalProvisionException.java', LF will be replaced by CRLF the next time Git touches it
warning: in the working copy of 'core/src/com/google/inject/internal/KotlinSupport.java', LF will be replaced by CRLF the next time Git touches it
warning: in the working copy of 'core/src/com/google/inject/internal/KotlinSupportInterface.java', LF will be replaced by CRLF the next time Git touches it
warning: in the working copy of 'core/src/com/google/inject/internal/LinkedBindingImpl.java', LF will be replaced by CRLF the next time Git touches it
warning: in the working copy of 'core/src/com/google/inject/internal/LinkedProviderBindingImpl.java', LF will be replaced by CRLF the next time Git touches it
warning: in the working copy of 'core/src/com/google/inject/internal/ListenerBindingProcessor.java', LF will be replaced by CRLF the next time Git touches it
warning: in the working copy of 'core/src/com/google/inject/internal/LookupProcessor.java', LF will be replaced by CRLF the next time Git touches it
warning: in the working copy of 'core/src/com/google/inject/internal/Lookups.java', LF will be replaced by CRLF the next time Git touches it
warning: in the working copy of 'core/src/com/google/inject/internal/MembersInjectorImpl.java', LF will be replaced by CRLF the next time Git touches it
warning: in the working copy of 'core/src/com/google/inject/internal/MembersInjectorStore.java', LF will be replaced by CRLF the next time Git touches it
warning: in the working copy of 'core/src/com/google/inject/internal/MessageProcessor.java', LF will be replaced by CRLF the next time Git touches it
warning: in the working copy of 'core/src/com/google/inject/internal/Messages.java', LF will be replaced by CRLF the next time Git touches it
warning: in the working copy of 'core/src/com/google/inject/internal/MethodAspect.java', LF will be replaced by CRLF the next time Git touches it
warning: in the working copy of 'core/src/com/google/inject/internal/MissingConstructorError.java', LF will be replaced by CRLF the next time Git touches it
warning: in the working copy of 'core/src/com/google/inject/internal/MissingImplementationError.java', LF will be replaced by CRLF the next time Git touches it
warning: in the working copy of 'core/src/com/google/inject/internal/MissingImplementationErrorHints.java', LF will be replaced by CRLF the next time Git touches it
warning: in the working copy of 'core/src/com/google/inject/internal/ModuleAnnotatedMethodScannerProcessor.java', LF will be replaced by CRLF the next time Git touches it
warning: in the working copy of 'core/src/com/google/inject/internal/MoreTypes.java', LF will be replaced by CRLF the next time Git touches it
warning: in the working copy of 'core/src/com/google/inject/internal/Nullability.java', LF will be replaced by CRLF the next time Git touches it
warning: in the working copy of 'core/src/com/google/inject/internal/PackageNameCompressor.java', LF will be replaced by CRLF the next time Git touches it
warning: in the working copy of 'core/src/com/google/inject/internal/PrivateElementProcessor.java', LF will be replaced by CRLF the next time Git touches it
warning: in the working copy of 'core/src/com/google/inject/internal/PrivateElementsImpl.java', LF will be replaced by CRLF the next time Git touches it
warning: in the working copy of 'core/src/com/google/inject/internal/ProcessedBindingData.java', LF will be replaced by CRLF the next time Git touches it
warning: in the working copy of 'core/src/com/google/inject/internal/ProvidedByInternalFactory.java', LF will be replaced by CRLF the next time Git touches it
warning: in the working copy of 'core/src/com/google/inject/internal/ProviderInstanceBindingImpl.java', LF will be replaced by CRLF the next time Git touches it
warning: in the working copy of 'core/src/com/google/inject/internal/ProviderInternalFactory.java', LF will be replaced by CRLF the next time Git touches it
warning: in the working copy of 'core/src/com/google/inject/internal/ProviderMethod.java', LF will be replaced by CRLF the next time Git touches it
warning: in the working copy of 'core/src/com/google/inject/internal/ProviderMethodsModule.java', LF will be replaced by CRLF the next time Git touches it
warning: in the working copy of 'core/src/com/google/inject/internal/ProviderToInternalFactoryAdapter.java', LF will be replaced by CRLF the next time Git touches it
warning: in the working copy of 'core/src/com/google/inject/internal/ProvidesMethodScanner.java', LF will be replaced by CRLF the next time Git touches it
warning: in the working copy of 'core/src/com/google/inject/internal/ProvisionListenerCallbackStore.java', LF will be replaced by CRLF the next time Git touches it
warning: in the working copy of 'core/src/com/google/inject/internal/ProvisionListenerStackCallback.java', LF will be replaced by CRLF the next time Git touches it
warning: in the working copy of 'core/src/com/google/inject/internal/ProxyFactory.java', LF will be replaced by CRLF the next time Git touches it
warning: in the working copy of 'core/src/com/google/inject/internal/RealElement.java', LF will be replaced by CRLF the next time Git touches it
warning: in the working copy of 'core/src/com/google/inject/internal/RealMapBinder.java', LF will be replaced by CRLF the next time Git touches it
warning: in the working copy of 'core/src/com/google/inject/internal/RealMultibinder.java', LF will be replaced by CRLF the next time Git touches it
warning: in the working copy of 'core/src/com/google/inject/internal/RealOptionalBinder.java', LF will be replaced by CRLF the next time Git touches it
warning: in the working copy of 'core/src/com/google/inject/internal/ScopeBindingProcessor.java', LF will be replaced by CRLF the next time Git touches it
warning: in the working copy of 'core/src/com/google/inject/internal/ScopeNotFoundError.java', LF will be replaced by CRLF the next time Git touches it
warning: in the working copy of 'core/src/com/google/inject/internal/Scoping.java', LF will be replaced by CRLF the next time Git touches it
warning: in the working copy of 'core/src/com/google/inject/internal/SingleFieldInjector.java', LF will be replaced by CRLF the next time Git touches it
warning: in the working copy of 'core/src/com/google/inject/internal/SingleMemberInjector.java', LF will be replaced by CRLF the next time Git touches it
warning: in the working copy of 'core/src/com/google/inject/internal/SingleMethodInjector.java', LF will be replaced by CRLF the next time Git touches it
warning: in the working copy of 'core/src/com/google/inject/internal/SingleParameterInjector.java', LF will be replaced by CRLF the next time Git touches it
warning: in the working copy of 'core/src/com/google/inject/internal/SingletonScope.java', LF will be replaced by CRLF the next time Git touches it
warning: in the working copy of 'core/src/com/google/inject/internal/SourceFormatter.java', LF will be replaced by CRLF the next time Git touches it
warning: in the working copy of 'core/src/com/google/inject/internal/TypeConverterBindingProcessor.java', LF will be replaced by CRLF the next time Git touches it
warning: in the working copy of 'core/src/com/google/inject/internal/UniqueAnnotations.java', LF will be replaced by CRLF the next time Git touches it
warning: in the working copy of 'core/src/com/google/inject/internal/UntargettedBindingImpl.java', LF will be replaced by CRLF the next time Git touches it
warning: in the working copy of 'core/src/com/google/inject/internal/UntargettedBindingProcessor.java', LF will be replaced by CRLF the next time Git touches it
warning: in the working copy of 'core/src/com/google/inject/internal/WeakKeySet.java', LF will be replaced by CRLF the next time Git touches it
warning: in the working copy of 'core/src/com/google/inject/internal/aop/AbstractGlueGenerator.java', LF will be replaced by CRLF the next time Git touches it
warning: in the working copy of 'core/src/com/google/inject/internal/aop/AnonymousClassDefiner.java', LF will be replaced by CRLF the next time Git touches it
warning: in the working copy of 'core/src/com/google/inject/internal/aop/BytecodeTasks.java', LF will be replaced by CRLF the next time Git touches it
warning: in the working copy of 'core/src/com/google/inject/internal/aop/ChildClassDefiner.java', LF will be replaced by CRLF the next time Git touches it
warning: in the working copy of 'core/src/com/google/inject/internal/aop/ClassBuilding.java', LF will be replaced by CRLF the next time Git touches it
warning: in the working copy of 'core/src/com/google/inject/internal/aop/ClassDefiner.java', LF will be replaced by CRLF the next time Git touches it
warning: in the working copy of 'core/src/com/google/inject/internal/aop/ClassDefining.java', LF will be replaced by CRLF the next time Git touches it
warning: in the working copy of 'core/src/com/google/inject/internal/aop/Enhancer.java', LF will be replaced by CRLF the next time Git touches it
warning: in the working copy of 'core/src/com/google/inject/internal/aop/EnhancerBuilderImpl.java', LF will be replaced by CRLF the next time Git touches it
warning: in the working copy of 'core/src/com/google/inject/internal/aop/FastClass.java', LF will be replaced by CRLF the next time Git touches it
warning: in the working copy of 'core/src/com/google/inject/internal/aop/GeneratedClassDefiner.java', LF will be replaced by CRLF the next time Git touches it
warning: in the working copy of 'core/src/com/google/inject/internal/aop/GlueException.java', LF will be replaced by CRLF the next time Git touches it
warning: in the working copy of 'core/src/com/google/inject/internal/aop/HiddenClassDefiner.java', LF will be replaced by CRLF the next time Git touches it
warning: in the working copy of 'core/src/com/google/inject/internal/aop/ImmutableStringTrie.java', LF will be replaced by CRLF the next time Git touches it
warning: in the working copy of 'core/src/com/google/inject/internal/aop/MethodPartition.java', LF will be replaced by CRLF the next time Git touches it
warning: in the working copy of 'core/src/com/google/inject/internal/aop/UnsafeClassDefiner.java', LF will be replaced by CRLF the next time Git touches it
warning: in the working copy of 'core/src/com/google/inject/internal/package-info.java', LF will be replaced by CRLF the next time Git touches it
warning: in the working copy of 'core/src/com/google/inject/internal/util/Classes.java', LF will be replaced by CRLF the next time Git touches it
warning: in the working copy of 'core/src/com/google/inject/internal/util/ContinuousStopwatch.java', LF will be replaced by CRLF the next time Git touches it
warning: in the working copy of 'core/src/com/google/inject/internal/util/LineNumbers.java', LF will be replaced by CRLF the next time Git touches it
warning: in the working copy of 'core/src/com/google/inject/internal/util/SourceProvider.java', LF will be replaced by CRLF the next time Git touches it
warning: in the working copy of 'core/src/com/google/inject/internal/util/StackTraceElements.java', LF will be replaced by CRLF the next time Git touches it
warning: in the working copy of 'core/src/com/google/inject/matcher/AbstractMatcher.java', LF will be replaced by CRLF the next time Git touches it
warning: in the working copy of 'core/src/com/google/inject/matcher/Matcher.java', LF will be replaced by CRLF the next time Git touches it
warning: in the working copy of 'core/src/com/google/inject/matcher/Matchers.java', LF will be replaced by CRLF the next time Git touches it
warning: in the working copy of 'core/src/com/google/inject/matcher/package-info.java', LF will be replaced by CRLF the next time Git touches it
warning: in the working copy of 'core/src/com/google/inject/multibindings/ClassMapKey.java', LF will be replaced by CRLF the next time Git touches it
warning: in the working copy of 'core/src/com/google/inject/multibindings/MapBinder.java', LF will be replaced by CRLF the next time Git touches it
warning: in the working copy of 'core/src/com/google/inject/multibindings/MapBinderBinding.java', LF will be replaced by CRLF the next time Git touches it
warning: in the working copy of 'core/src/com/google/inject/multibindings/MapKey.java', LF will be replaced by CRLF the next time Git touches it
warning: in the working copy of 'core/src/com/google/inject/multibindings/Multibinder.java', LF will be replaced by CRLF the next time Git touches it
warning: in the working copy of 'core/src/com/google/inject/multibindings/MultibinderBinding.java', LF will be replaced by CRLF the next time Git touches it
warning: in the working copy of 'core/src/com/google/inject/multibindings/MultibindingsScanner.java', LF will be replaced by CRLF the next time Git touches it
warning: in the working copy of 'core/src/com/google/inject/multibindings/MultibindingsTargetVisitor.java', LF will be replaced by CRLF the next time Git touches it
warning: in the working copy of 'core/src/com/google/inject/multibindings/OptionalBinder.java', LF will be replaced by CRLF the next time Git touches it
warning: in the working copy of 'core/src/com/google/inject/multibindings/OptionalBinderBinding.java', LF will be replaced by CRLF the next time Git touches it
warning: in the working copy of 'core/src/com/google/inject/multibindings/ProvidesIntoMap.java', LF will be replaced by CRLF the next time Git touches it
warning: in the working copy of 'core/src/com/google/inject/multibindings/ProvidesIntoOptional.java', LF will be replaced by CRLF the next time Git touches it
warning: in the working copy of 'core/src/com/google/inject/multibindings/ProvidesIntoSet.java', LF will be replaced by CRLF the next time Git touches it
warning: in the working copy of 'core/src/com/google/inject/multibindings/StringMapKey.java', LF will be replaced by CRLF the next time Git touches it
warning: in the working copy of 'core/src/com/google/inject/multibindings/package-info.java', LF will be replaced by CRLF the next time Git touches it
warning: in the working copy of 'core/src/com/google/inject/name/Named.java', LF will be replaced by CRLF the next time Git touches it
warning: in the working copy of 'core/src/com/google/inject/name/NamedImpl.java', LF will be replaced by CRLF the next time Git touches it
warning: in the working copy of 'core/src/com/google/inject/name/Names.java', LF will be replaced by CRLF the next time Git touches it
warning: in the working copy of 'core/src/com/google/inject/name/package-info.java', LF will be replaced by CRLF the next time Git touches it
warning: in the working copy of 'core/src/com/google/inject/package-info.java', LF will be replaced by CRLF the next time Git touches it
warning: in the working copy of 'core/src/com/google/inject/spi/BindingScopingVisitor.java', LF will be replaced by CRLF the next time Git touches it
warning: in the working copy of 'core/src/com/google/inject/spi/BindingSourceRestriction.java', LF will be replaced by CRLF the next time Git touches it
warning: in the working copy of 'core/src/com/google/inject/spi/BindingTargetVisitor.java', LF will be replaced by CRLF the next time Git touches it
warning: in the working copy of 'core/src/com/google/inject/spi/ConstructorBinding.java', LF will be replaced by CRLF the next time Git touches it
warning: in the working copy of 'core/src/com/google/inject/spi/ConvertedConstantBinding.java', LF will be replaced by CRLF the next time Git touches it
warning: in the working copy of 'core/src/com/google/inject/spi/DefaultBindingScopingVisitor.java', LF will be replaced by CRLF the next time Git touches it
warning: in the working copy of 'core/src/com/google/inject/spi/DefaultBindingTargetVisitor.java', LF will be replaced by CRLF the next time Git touches it
warning: in the working copy of 'core/src/com/google/inject/spi/DefaultElementVisitor.java', LF will be replaced by CRLF the next time Git touches it
warning: in the working copy of 'core/src/com/google/inject/spi/Dependency.java', LF will be replaced by CRLF the next time Git touches it
warning: in the working copy of 'core/src/com/google/inject/spi/DisableCircularProxiesOption.java', LF will be replaced by CRLF the next time Git touches it
warning: in the working copy of 'core/src/com/google/inject/spi/Element.java', LF will be replaced by CRLF the next time Git touches it
warning: in the working copy of 'core/src/com/google/inject/spi/ElementSource.java', LF will be replaced by CRLF the next time Git touches it
warning: in the working copy of 'core/src/com/google/inject/spi/ElementVisitor.java', LF will be replaced by CRLF the next time Git touches it
warning: in the working copy of 'core/src/com/google/inject/spi/Elements.java', LF will be replaced by CRLF the next time Git touches it
warning: in the working copy of 'core/src/com/google/inject/spi/ErrorDetail.java', LF will be replaced by CRLF the next time Git touches it
warning: in the working copy of 'core/src/com/google/inject/spi/ExposedBinding.java', LF will be replaced by CRLF the next time Git touches it
warning: in the working copy of 'core/src/com/google/inject/spi/HasDependencies.java', LF will be replaced by CRLF the next time Git touches it
warning: in the working copy of 'core/src/com/google/inject/spi/InjectionListener.java', LF will be replaced by CRLF the next time Git touches it
warning: in the working copy of 'core/src/com/google/inject/spi/InjectionPoint.java', LF will be replaced by CRLF the next time Git touches it
warning: in the working copy of 'core/src/com/google/inject/spi/InjectionRequest.java', LF will be replaced by CRLF the next time Git touches it
warning: in the working copy of 'core/src/com/google/inject/spi/InstanceBinding.java', LF will be replaced by CRLF the next time Git touches it
warning: in the working copy of 'core/src/com/google/inject/spi/InterceptorBinding.java', LF will be replaced by CRLF the next time Git touches it
warning: in the working copy of 'core/src/com/google/inject/spi/LinkedKeyBinding.java', LF will be replaced by CRLF the next time Git touches it
warning: in the working copy of 'core/src/com/google/inject/spi/MembersInjectorLookup.java', LF will be replaced by CRLF the next time Git touches it
warning: in the working copy of 'core/src/com/google/inject/spi/Message.java', LF will be replaced by CRLF the next time Git touches it
warning: in the working copy of 'core/src/com/google/inject/spi/ModuleAnnotatedMethodScanner.java', LF will be replaced by CRLF the next time Git touches it
warning: in the working copy of 'core/src/com/google/inject/spi/ModuleAnnotatedMethodScannerBinding.java', LF will be replaced by CRLF the next time Git touches it
warning: in the working copy of 'core/src/com/google/inject/spi/ModuleSource.java', LF will be replaced by CRLF the next time Git touches it
warning: in the working copy of 'core/src/com/google/inject/spi/PrivateElements.java', LF will be replaced by CRLF the next time Git touches it
warning: in the working copy of 'core/src/com/google/inject/spi/ProviderBinding.java', LF will be replaced by CRLF the next time Git touches it
warning: in the working copy of 'core/src/com/google/inject/spi/ProviderInstanceBinding.java', LF will be replaced by CRLF the next time Git touches it
warning: in the working copy of 'core/src/com/google/inject/spi/ProviderKeyBinding.java', LF will be replaced by CRLF the next time Git touches it
warning: in the working copy of 'core/src/com/google/inject/spi/ProviderLookup.java', LF will be replaced by CRLF the next time Git touches it
warning: in the working copy of 'core/src/com/google/inject/spi/ProviderWithDependencies.java', LF will be replaced by CRLF the next time Git touches it
warning: in the working copy of 'core/src/com/google/inject/spi/ProviderWithExtensionVisitor.java', LF will be replaced by CRLF the next time Git touches it
warning: in the working copy of 'core/src/com/google/inject/spi/ProvidesMethodBinding.java', LF will be replaced by CRLF the next time Git touches it
warning: in the working copy of 'core/src/com/google/inject/spi/ProvidesMethodTargetVisitor.java', LF will be replaced by CRLF the next time Git touches it
warning: in the working copy of 'core/src/com/google/inject/spi/ProvisionListener.java', LF will be replaced by CRLF the next time Git touches it
warning: in the working copy of 'core/src/com/google/inject/spi/ProvisionListenerBinding.java', LF will be replaced by CRLF the next time Git touches it
warning: in the working copy of 'core/src/com/google/inject/spi/RequireAtInjectOnConstructorsOption.java', LF will be replaced by CRLF the next time Git touches it
warning: in the working copy of 'core/src/com/google/inject/spi/RequireExactBindingAnnotationsOption.java', LF will be replaced by CRLF the next time Git touches it
warning: in the working copy of 'core/src/com/google/inject/spi/RequireExplicitBindingsOption.java', LF will be replaced by CRLF the next time Git touches it
warning: in the working copy of 'core/src/com/google/inject/spi/ScopeBinding.java', LF will be replaced by CRLF the next time Git touches it
warning: in the working copy of 'core/src/com/google/inject/spi/StaticInjectionRequest.java', LF will be replaced by CRLF the next time Git touches it
warning: in the working copy of 'core/src/com/google/inject/spi/Toolable.java', LF will be replaced by CRLF the next time Git touches it
warning: in the working copy of 'core/src/com/google/inject/spi/TypeConverter.java', LF will be replaced by CRLF the next time Git touches it
warning: in the working copy of 'core/src/com/google/inject/spi/TypeConverterBinding.java', LF will be replaced by CRLF the next time Git touches it
warning: in the working copy of 'core/src/com/google/inject/spi/TypeEncounter.java', LF will be replaced by CRLF the next time Git touches it
warning: in the working copy of 'core/src/com/google/inject/spi/TypeListener.java', LF will be replaced by CRLF the next time Git touches it
warning: in the working copy of 'core/src/com/google/inject/spi/TypeListenerBinding.java', LF will be replaced by CRLF the next time Git touches it
warning: in the working copy of 'core/src/com/google/inject/spi/UntargettedBinding.java', LF will be replaced by CRLF the next time Git touches it
warning: in the working copy of 'core/src/com/google/inject/spi/package-info.java', LF will be replaced by CRLF the next time Git touches it
warning: in the working copy of 'core/src/com/google/inject/util/Modules.java', LF will be replaced by CRLF the next time Git touches it
warning: in the working copy of 'core/src/com/google/inject/util/Providers.java', LF will be replaced by CRLF the next time Git touches it
warning: in the working copy of 'core/src/com/google/inject/util/Types.java', LF will be replaced by CRLF the next time Git touches it
warning: in the working copy of 'core/src/com/google/inject/util/package-info.java', LF will be replaced by CRLF the next time Git touches it
warning: in the working copy of 'core/test/com/google/inject/AllTests.java', LF will be replaced by CRLF the next time Git touches it
warning: in the working copy of 'core/test/com/google/inject/Asserts.java', LF will be replaced by CRLF the next time Git touches it
warning: in the working copy of 'core/test/com/google/inject/BinderTest.java', LF will be replaced by CRLF the next time Git touches it
warning: in the working copy of 'core/test/com/google/inject/BinderTestSuite.java', LF will be replaced by CRLF the next time Git touches it
warning: in the working copy of 'core/test/com/google/inject/BindingAnnotationTest.java', LF will be replaced by CRLF the next time Git touches it
warning: in the working copy of 'core/test/com/google/inject/BindingOrderTest.java', LF will be replaced by CRLF the next time Git touches it
warning: in the working copy of 'core/test/com/google/inject/BindingTest.java', LF will be replaced by CRLF the next time Git touches it
warning: in the working copy of 'core/test/com/google/inject/BoundInstanceInjectionTest.java', LF will be replaced by CRLF the next time Git touches it
warning: in the working copy of 'core/test/com/google/inject/BoundProviderTest.java', LF will be replaced by CRLF the next time Git touches it
warning: in the working copy of 'core/test/com/google/inject/CircularDependencyTest.java', LF will be replaced by CRLF the next time Git touches it
warning: in the working copy of 'core/test/com/google/inject/DuplicateBindingsTest.java', LF will be replaced by CRLF the next time Git touches it
warning: in the working copy of 'core/test/com/google/inject/EagerSingletonTest.java', LF will be replaced by CRLF the next time Git touches it
warning: in the working copy of 'core/test/com/google/inject/ErrorHandlingTest.java', LF will be replaced by CRLF the next time Git touches it
warning: in the working copy of 'core/test/com/google/inject/GenericInjectionTest.java', LF will be replaced by CRLF the next time Git touches it
warning: in the working copy of 'core/test/com/google/inject/ImplicitBindingTest.java', LF will be replaced by CRLF the next time Git touches it
warning: in the working copy of 'core/test/com/google/inject/InjectorTest.java', LF will be replaced by CRLF the next time Git touches it
warning: in the working copy of 'core/test/com/google/inject/IntegrationTest.java', LF will be replaced by CRLF the next time Git touches it
warning: in the working copy of 'core/test/com/google/inject/JitBindingsTest.java', LF will be replaced by CRLF the next time Git touches it
warning: in the working copy of 'core/test/com/google/inject/KeyTest.java', LF will be replaced by CRLF the next time Git touches it
warning: in the working copy of 'core/test/com/google/inject/LoggerInjectionTest.java', LF will be replaced by CRLF the next time Git touches it
warning: in the working copy of 'core/test/com/google/inject/MembersInjectorTest.java', LF will be replaced by CRLF the next time Git touches it
warning: in the working copy of 'core/test/com/google/inject/MethodInterceptionTest.java', LF will be replaced by CRLF the next time Git touches it
warning: in the working copy of 'core/test/com/google/inject/ModuleTest.java', LF will be replaced by CRLF the next time Git touches it
warning: in the working copy of 'core/test/com/google/inject/ModulesTest.java', LF will be replaced by CRLF the next time Git touches it
warning: in the working copy of 'core/test/com/google/inject/NullableInjectionPointTest.java', LF will be replaced by CRLF the next time Git touches it
warning: in the working copy of 'core/test/com/google/inject/OptionalBindingTest.java', LF will be replaced by CRLF the next time Git touches it
warning: in the working copy of 'core/test/com/google/inject/ParentInjectorTest.java', LF will be replaced by CRLF the next time Git touches it
warning: in the working copy of 'core/test/com/google/inject/PerformanceComparison.java', LF will be replaced by CRLF the next time Git touches it
warning: in the working copy of 'core/test/com/google/inject/PrivateModuleTest.java', LF will be replaced by CRLF the next time Git touches it
warning: in the working copy of 'core/test/com/google/inject/ProviderInjectionTest.java', LF will be replaced by CRLF the next time Git touches it
warning: in the working copy of 'core/test/com/google/inject/ProvisionExceptionTest.java', LF will be replaced by CRLF the next time Git touches it
warning: in the working copy of 'core/test/com/google/inject/ProvisionExceptionsTest.java', LF will be replaced by CRLF the next time Git touches it
warning: in the working copy of 'core/test/com/google/inject/ProvisionListenerTest.java', LF will be replaced by CRLF the next time Git touches it
warning: in the working copy of 'core/test/com/google/inject/ReflectionTest.java', LF will be replaced by CRLF the next time Git touches it
warning: in the working copy of 'core/test/com/google/inject/RequestInjectionTest.java', LF will be replaced by CRLF the next time Git touches it
warning: in the working copy of 'core/test/com/google/inject/RequireAtInjectOnConstructorsTest.java', LF will be replaced by CRLF the next time Git touches it
warning: in the working copy of 'core/test/com/google/inject/RestrictedBindingSourceTest.java', LF will be replaced by CRLF the next time Git touches it
warning: in the working copy of 'core/test/com/google/inject/ScopesTest.java', LF will be replaced by CRLF the next time Git touches it
warning: in the working copy of 'core/test/com/google/inject/SerializationTest.java', LF will be replaced by CRLF the next time Git touches it
warning: in the working copy of 'core/test/com/google/inject/SuiteUtils.java', LF will be replaced by CRLF the next time Git touches it
warning: in the working copy of 'core/test/com/google/inject/SuperclassTest.java', LF will be replaced by CRLF the next time Git touches it
warning: in the working copy of 'core/test/com/google/inject/TypeConversionTest.java', LF will be replaced by CRLF the next time Git touches it
warning: in the working copy of 'core/test/com/google/inject/TypeListenerTest.java', LF will be replaced by CRLF the next time Git touches it
warning: in the working copy of 'core/test/com/google/inject/TypeLiteralInjectionTest.java', LF will be replaced by CRLF the next time Git touches it
warning: in the working copy of 'core/test/com/google/inject/TypeLiteralTest.java', LF will be replaced by CRLF the next time Git touches it
warning: in the working copy of 'core/test/com/google/inject/TypeLiteralTypeResolutionTest.java', LF will be replaced by CRLF the next time Git touches it
warning: in the working copy of 'core/test/com/google/inject/errors/BindingAlreadySetErrorTest.java', LF will be replaced by CRLF the next time Git touches it
warning: in the working copy of 'core/test/com/google/inject/errors/ChildBindingAlreadySetErrorTest.java', LF will be replaced by CRLF the next time Git touches it
warning: in the working copy of 'core/test/com/google/inject/errors/DuplicateElementErrorTest.java', LF will be replaced by CRLF the next time Git touches it
warning: in the working copy of 'core/test/com/google/inject/errors/DuplicateMapKeyErrorTest.java', LF will be replaced by CRLF the next time Git touches it
warning: in the working copy of 'core/test/com/google/inject/errors/ErrorMessageTestUtils.java', LF will be replaced by CRLF the next time Git touches it
warning: in the working copy of 'core/test/com/google/inject/errors/ErrorMessagesTest.java', LF will be replaced by CRLF the next time Git touches it
warning: in the working copy of 'core/test/com/google/inject/errors/GenericErrorTest.java', LF will be replaced by CRLF the next time Git touches it
warning: in the working copy of 'core/test/com/google/inject/errors/MissingConstructorErrorTest.java', LF will be replaced by CRLF the next time Git touches it
warning: in the working copy of 'core/test/com/google/inject/errors/MissingImplementationErrorTest.java', LF will be replaced by CRLF the next time Git touches it
warning: in the working copy of 'core/test/com/google/inject/errors/NullInjectedIntoNonNullableTest.java', LF will be replaced by CRLF the next time Git touches it
warning: in the working copy of 'core/test/com/google/inject/errors/ScopeNotFoundErrorTest.java', LF will be replaced by CRLF the next time Git touches it
warning: in the working copy of 'core/test/com/google/inject/errors/testdata/binding_already_set_errors_with_module_stack.txt', LF will be replaced by CRLF the next time Git touches it
warning: in the working copy of 'core/test/com/google/inject/errors/testdata/child_binding_already_set_by_just_in_time_binding.txt', LF will be replaced by CRLF the next time Git touches it
warning: in the working copy of 'core/test/com/google/inject/errors/testdata/child_binding_already_set_error.txt', LF will be replaced by CRLF the next time Git touches it
warning: in the working copy of 'core/test/com/google/inject/errors/testdata/child_binding_already_set_multiple_times_error.txt', LF will be replaced by CRLF the next time Git touches it
warning: in the working copy of 'core/test/com/google/inject/errors/testdata/class_names_are_compressed_in_error_message.txt', LF will be replaced by CRLF the next time Git touches it
warning: in the working copy of 'core/test/com/google/inject/errors/testdata/custom_error.txt', LF will be replaced by CRLF the next time Git touches it
warning: in the working copy of 'core/test/com/google/inject/errors/testdata/duplicate_element_error.txt', LF will be replaced by CRLF the next time Git touches it
warning: in the working copy of 'core/test/com/google/inject/errors/testdata/duplicate_map_key_error.txt', LF will be replaced by CRLF the next time Git touches it
warning: in the working copy of 'core/test/com/google/inject/errors/testdata/duplicate_map_keys_error_class_key_is_not_compressed.txt', LF will be replaced by CRLF the next time Git touches it
warning: in the working copy of 'core/test/com/google/inject/errors/testdata/error_in_custom_provider.txt', LF will be replaced by CRLF the next time Git touches it
warning: in the working copy of 'core/test/com/google/inject/errors/testdata/error_injecting_constructor.txt', LF will be replaced by CRLF the next time Git touches it
warning: in the working copy of 'core/test/com/google/inject/errors/testdata/missing_constructor_errors.txt', LF will be replaced by CRLF the next time Git touches it
warning: in the working copy of 'core/test/com/google/inject/errors/testdata/missing_constructor_errors_at_inject_required.txt', LF will be replaced by CRLF the next time Git touches it
warning: in the working copy of 'core/test/com/google/inject/errors/testdata/missing_constructor_errors_merged.txt', LF will be replaced by CRLF the next time Git touches it
warning: in the working copy of 'core/test/com/google/inject/errors/testdata/missing_implementation_errors.txt', LF will be replaced by CRLF the next time Git touches it
warning: in the working copy of 'core/test/com/google/inject/errors/testdata/missing_implementation_with_hints.txt', LF will be replaced by CRLF the next time Git touches it
warning: in the working copy of 'core/test/com/google/inject/errors/testdata/missing_implementation_with_module_stack.txt', LF will be replaced by CRLF the next time Git touches it
warning: in the working copy of 'core/test/com/google/inject/errors/testdata/multiple_binding_already_set_errors.txt', LF will be replaced by CRLF the next time Git touches it
warning: in the working copy of 'core/test/com/google/inject/errors/testdata/multiple_child_binding_already_set_errors.txt', LF will be replaced by CRLF the next time Git touches it
warning: in the working copy of 'core/test/com/google/inject/errors/testdata/multiple_duplicate_elements_error.txt', LF will be replaced by CRLF the next time Git touches it
warning: in the working copy of 'core/test/com/google/inject/errors/testdata/multiple_duplicate_map_keys_error.txt', LF will be replaced by CRLF the next time Git touches it
warning: in the working copy of 'core/test/com/google/inject/errors/testdata/null_returned_from_provider.txt', LF will be replaced by CRLF the next time Git touches it
warning: in the working copy of 'core/test/com/google/inject/errors/testdata/null_returned_from_provider_with_module_stack.txt', LF will be replaced by CRLF the next time Git touches it
warning: in the working copy of 'core/test/com/google/inject/errors/testdata/null_returned_from_provides_method.txt', LF will be replaced by CRLF the next time Git touches it
warning: in the working copy of 'core/test/com/google/inject/errors/testdata/scope_not_found_error.txt', LF will be replaced by CRLF the next time Git touches it
warning: in the working copy of 'core/test/com/google/inject/errors/testdata/single_binding_already_set_error.txt', LF will be replaced by CRLF the next time Git touches it
warning: in the working copy of 'core/test/com/google/inject/example/ClientServiceWithDependencyInjection.java', LF will be replaced by CRLF the next time Git touches it
warning: in the working copy of 'core/test/com/google/inject/example/ClientServiceWithFactories.java', LF will be replaced by CRLF the next time Git touches it
warning: in the working copy of 'core/test/com/google/inject/example/ClientServiceWithGuice.java', LF will be replaced by CRLF the next time Git touches it
warning: in the working copy of 'core/test/com/google/inject/example/ClientServiceWithGuiceDefaults.java', LF will be replaced by CRLF the next time Git touches it
warning: in the working copy of 'core/test/com/google/inject/example/JndiProvider.java', LF will be replaced by CRLF the next time Git touches it
warning: in the working copy of 'core/test/com/google/inject/example/JndiProviderClient.java', LF will be replaced by CRLF the next time Git touches it
warning: in the working copy of 'core/test/com/google/inject/internal/Collector.java', LF will be replaced by CRLF the next time Git touches it
warning: in the working copy of 'core/test/com/google/inject/internal/CycleDetectingLockTest.java', LF will be replaced by CRLF the next time Git touches it
warning: in the working copy of 'core/test/com/google/inject/internal/InternalProvisionExceptionTest.java', LF will be replaced by CRLF the next time Git touches it
warning: in the working copy of 'core/test/com/google/inject/internal/MapBinderTest.java', LF will be replaced by CRLF the next time Git touches it
warning: in the working copy of 'core/test/com/google/inject/internal/MessagesTest.java', LF will be replaced by CRLF the next time Git touches it
warning: in the working copy of 'core/test/com/google/inject/internal/MoreTypesTest.java', LF will be replaced by CRLF the next time Git touches it
warning: in the working copy of 'core/test/com/google/inject/internal/MultibinderTest.java', LF will be replaced by CRLF the next time Git touches it
warning: in the working copy of 'core/test/com/google/inject/internal/OptionalBinderTest.java', LF will be replaced by CRLF the next time Git touches it
warning: in the working copy of 'core/test/com/google/inject/internal/PackageNameCompressorTest.java', LF will be replaced by CRLF the next time Git touches it
warning: in the working copy of 'core/test/com/google/inject/internal/ProxyFactoryTest.java', LF will be replaced by CRLF the next time Git touches it
warning: in the working copy of 'core/test/com/google/inject/internal/RealElementTest.java', LF will be replaced by CRLF the next time Git touches it
warning: in the working copy of 'core/test/com/google/inject/internal/SpiUtils.java', LF will be replaced by CRLF the next time Git touches it
warning: in the working copy of 'core/test/com/google/inject/internal/UniqueAnnotationsTest.java', LF will be replaced by CRLF the next time Git touches it
warning: in the working copy of 'core/test/com/google/inject/internal/WeakKeySetTest.java', LF will be replaced by CRLF the next time Git touches it
warning: in the working copy of 'core/test/com/google/inject/internal/WeakKeySetUtils.java', LF will be replaced by CRLF the next time Git touches it
warning: in the working copy of 'core/test/com/google/inject/internal/aop/ImmutableStringTrieTest.java', LF will be replaced by CRLF the next time Git touches it
warning: in the working copy of 'core/test/com/google/inject/internal/util/ContinuousStopwatchTest.java', LF will be replaced by CRLF the next time Git touches it
warning: in the working copy of 'core/test/com/google/inject/internal/util/LineNumbersTest.java', LF will be replaced by CRLF the next time Git touches it
warning: in the working copy of 'core/test/com/google/inject/matcher/MatcherTest.java', LF will be replaced by CRLF the next time Git touches it
warning: in the working copy of 'core/test/com/google/inject/multibindings/ProvidesIntoTest.java', LF will be replaced by CRLF the next time Git touches it
warning: in the working copy of 'core/test/com/google/inject/name/NamedEquivalanceTest.java', LF will be replaced by CRLF the next time Git touches it
warning: in the working copy of 'core/test/com/google/inject/name/NamesTest.java', LF will be replaced by CRLF the next time Git touches it
warning: in the working copy of 'core/test/com/google/inject/spi/BindingSourceRestrictionTest.java', LF will be replaced by CRLF the next time Git touches it
warning: in the working copy of 'core/test/com/google/inject/spi/BindingTargetVisitorTest.java', LF will be replaced by CRLF the next time Git touches it
warning: in the working copy of 'core/test/com/google/inject/spi/ElementApplyToTest.java', LF will be replaced by CRLF the next time Git touches it
warning: in the working copy of 'core/test/com/google/inject/spi/ElementSourceTest.java', LF will be replaced by CRLF the next time Git touches it
warning: in the working copy of 'core/test/com/google/inject/spi/ElementsTest.java', LF will be replaced by CRLF the next time Git touches it
warning: in the working copy of 'core/test/com/google/inject/spi/FailingBindingScopingVisitor.java', LF will be replaced by CRLF the next time Git touches it
warning: in the working copy of 'core/test/com/google/inject/spi/FailingElementVisitor.java', LF will be replaced by CRLF the next time Git touches it
warning: in the working copy of 'core/test/com/google/inject/spi/FailingTargetVisitor.java', LF will be replaced by CRLF the next time Git touches it
warning: in the working copy of 'core/test/com/google/inject/spi/HasDependenciesTest.java', LF will be replaced by CRLF the next time Git touches it
warning: in the working copy of 'core/test/com/google/inject/spi/InjectionPointTest.java', LF will be replaced by CRLF the next time Git touches it
warning: in the working copy of 'core/test/com/google/inject/spi/InjectorSpiTest.java', LF will be replaced by CRLF the next time Git touches it
warning: in the working copy of 'core/test/com/google/inject/spi/MessageTest.java', LF will be replaced by CRLF the next time Git touches it
warning: in the working copy of 'core/test/com/google/inject/spi/ModuleAnnotatedMethodScannerTest.java', LF will be replaced by CRLF the next time Git touches it
warning: in the working copy of 'core/test/com/google/inject/spi/ModuleRewriterTest.java', LF will be replaced by CRLF the next time Git touches it
warning: in the working copy of 'core/test/com/google/inject/spi/ModuleSourceTest.java', LF will be replaced by CRLF the next time Git touches it
warning: in the working copy of 'core/test/com/google/inject/spi/ProviderMethodsTest.java', LF will be replaced by CRLF the next time Git touches it
warning: in the working copy of 'core/test/com/google/inject/spi/SourcesTest.java', LF will be replaced by CRLF the next time Git touches it
warning: in the working copy of 'core/test/com/google/inject/spi/SpiBindingsTest.java', LF will be replaced by CRLF the next time Git touches it
warning: in the working copy of 'core/test/com/google/inject/spi/ToolStageInjectorTest.java', LF will be replaced by CRLF the next time Git touches it
warning: in the working copy of 'core/test/com/google/inject/util/NoopOverrideTest.java', LF will be replaced by CRLF the next time Git touches it
warning: in the working copy of 'core/test/com/google/inject/util/OverrideModuleTest.java', LF will be replaced by CRLF the next time Git touches it
warning: in the working copy of 'core/test/com/google/inject/util/ProvidersTest.java', LF will be replaced by CRLF the next time Git touches it
warning: in the working copy of 'core/test/com/google/inject/util/TypesTest.java', LF will be replaced by CRLF the next time Git touches it
warning: in the working copy of 'core/test/com/googlecode/guice/BytecodeGenTest.java', LF will be replaced by CRLF the next time Git touches it
warning: in the working copy of 'core/test/com/googlecode/guice/GuiceTck.java', LF will be replaced by CRLF the next time Git touches it
warning: in the working copy of 'core/test/com/googlecode/guice/Jsr330Test.java', LF will be replaced by CRLF the next time Git touches it
warning: in the working copy of 'core/test/com/googlecode/guice/OSGiContainerTest.java', LF will be replaced by CRLF the next time Git touches it
warning: in the working copy of 'core/test/com/googlecode/guice/PackageVisibilityTestModule.java', LF will be replaced by CRLF the next time Git touches it
warning: in the working copy of 'core/test/com/googlecode/guice/bundle/OSGiTestActivator.java', LF will be replaced by CRLF the next time Git touches it
warning: in the working copy of 'examples/src/example/xml/Contact.java', LF will be replaced by CRLF the next time Git touches it
warning: in the working copy of 'examples/src/example/xml/Contacts.java', LF will be replaced by CRLF the next time Git touches it
warning: in the working copy of 'examples/src/example/xml/FlashMemory.java', LF will be replaced by CRLF the next time Git touches it
warning: in the working copy of 'examples/src/example/xml/FromFlash.java', LF will be replaced by CRLF the next time Git touches it
warning: in the working copy of 'examples/src/example/xml/FromSim.java', LF will be replaced by CRLF the next time Git touches it
warning: in the working copy of 'examples/src/example/xml/Main.java', LF will be replaced by CRLF the next time Git touches it
warning: in the working copy of 'examples/src/example/xml/Phone.java', LF will be replaced by CRLF the next time Git touches it
warning: in the working copy of 'examples/src/example/xml/SimCard.java', LF will be replaced by CRLF the next time Git touches it
warning: in the working copy of 'examples/src/example/xml/XmlBeanModule.java', LF will be replaced by CRLF the next time Git touches it
warning: in the working copy of 'examples/src/example/xml/phone.xml', LF will be replaced by CRLF the next time Git touches it
warning: in the working copy of 'extensions/assistedinject/.gitignore', LF will be replaced by CRLF the next time Git touches it
warning: in the working copy of 'extensions/assistedinject/build.properties', LF will be replaced by CRLF the next time Git touches it
warning: in the working copy of 'extensions/assistedinject/pom.xml', LF will be replaced by CRLF the next time Git touches it
warning: in the working copy of 'extensions/assistedinject/src/com/google/inject/assistedinject/Assisted.java', LF will be replaced by CRLF the next time Git touches it
warning: in the working copy of 'extensions/assistedinject/src/com/google/inject/assistedinject/AssistedConstructor.java', LF will be replaced by CRLF the next time Git touches it
warning: in the working copy of 'extensions/assistedinject/src/com/google/inject/assistedinject/AssistedInject.java', LF will be replaced by CRLF the next time Git touches it
warning: in the working copy of 'extensions/assistedinject/src/com/google/inject/assistedinject/AssistedInjectBinding.java', LF will be replaced by CRLF the next time Git touches it
warning: in the working copy of 'extensions/assistedinject/src/com/google/inject/assistedinject/AssistedInjectTargetVisitor.java', LF will be replaced by CRLF the next time Git touches it
warning: in the working copy of 'extensions/assistedinject/src/com/google/inject/assistedinject/AssistedMethod.java', LF will be replaced by CRLF the next time Git touches it
warning: in the working copy of 'extensions/assistedinject/src/com/google/inject/assistedinject/BindingCollector.java', LF will be replaced by CRLF the next time Git touches it
warning: in the working copy of 'extensions/assistedinject/src/com/google/inject/assistedinject/FactoryModuleBuilder.java', LF will be replaced by CRLF the next time Git touches it
warning: in the working copy of 'extensions/assistedinject/src/com/google/inject/assistedinject/FactoryProvider.java', LF will be replaced by CRLF the next time Git touches it
warning: in the working copy of 'extensions/assistedinject/src/com/google/inject/assistedinject/FactoryProvider2.java', LF will be replaced by CRLF the next time Git touches it
warning: in the working copy of 'extensions/assistedinject/src/com/google/inject/assistedinject/Parameter.java', LF will be replaced by CRLF the next time Git touches it
warning: in the working copy of 'extensions/assistedinject/src/com/google/inject/assistedinject/ParameterListKey.java', LF will be replaced by CRLF the next time Git touches it
warning: in the working copy of 'extensions/assistedinject/src/com/google/inject/assistedinject/package-info.java', LF will be replaced by CRLF the next time Git touches it
warning: in the working copy of 'extensions/assistedinject/test/com/google/inject/assistedinject/ExtensionSpiTest.java', LF will be replaced by CRLF the next time Git touches it
warning: in the working copy of 'extensions/assistedinject/test/com/google/inject/assistedinject/FactoryModuleBuilderTest.java', LF will be replaced by CRLF the next time Git touches it
warning: in the working copy of 'extensions/assistedinject/test/com/google/inject/assistedinject/FactoryProvider2Test.java', LF will be replaced by CRLF the next time Git touches it
warning: in the working copy of 'extensions/assistedinject/test/com/google/inject/assistedinject/FactoryProviderTest.java', LF will be replaced by CRLF the next time Git touches it
warning: in the working copy of 'extensions/assistedinject/test/com/google/inject/assistedinject/ManyConstructorsTest.java', LF will be replaced by CRLF the next time Git touches it
warning: in the working copy of 'extensions/assistedinject/test/com/google/inject/assistedinject/subpkg/SubpackageTest.java', LF will be replaced by CRLF the next time Git touches it
warning: in the working copy of 'extensions/dagger-adapter/build.properties', LF will be replaced by CRLF the next time Git touches it
warning: in the working copy of 'extensions/dagger-adapter/pom.xml', LF will be replaced by CRLF the next time Git touches it
warning: in the working copy of 'extensions/dagger-adapter/src/com/google/inject/daggeradapter/Annotations.java', LF will be replaced by CRLF the next time Git touches it
warning: in the working copy of 'extensions/dagger-adapter/src/com/google/inject/daggeradapter/DaggerAdapter.java', LF will be replaced by CRLF the next time Git touches it
warning: in the working copy of 'extensions/dagger-adapter/src/com/google/inject/daggeradapter/DaggerMethodScanner.java', LF will be replaced by CRLF the next time Git touches it
warning: in the working copy of 'extensions/dagger-adapter/src/com/google/inject/daggeradapter/Keys.java', LF will be replaced by CRLF the next time Git touches it
warning: in the working copy of 'extensions/dagger-adapter/src/com/google/inject/daggeradapter/SupportedAnnotations.java', LF will be replaced by CRLF the next time Git touches it
warning: in the working copy of 'extensions/dagger-adapter/test/com/google/inject/daggeradapter/BindingSubject.java', LF will be replaced by CRLF the next time Git touches it
warning: in the working copy of 'extensions/dagger-adapter/test/com/google/inject/daggeradapter/BindsTest.java', LF will be replaced by CRLF the next time Git touches it
warning: in the working copy of 'extensions/dagger-adapter/test/com/google/inject/daggeradapter/DaggerAdapterTest.java', LF will be replaced by CRLF the next time Git touches it
warning: in the working copy of 'extensions/dagger-adapter/test/com/google/inject/daggeradapter/IntoMapTest.java', LF will be replaced by CRLF the next time Git touches it
warning: in the working copy of 'extensions/dagger-adapter/test/com/google/inject/daggeradapter/ModuleIncludesTest.java', LF will be replaced by CRLF the next time Git touches it
warning: in the working copy of 'extensions/dagger-adapter/test/com/google/inject/daggeradapter/ModuleSubcomponentsTest.java', LF will be replaced by CRLF the next time Git touches it
warning: in the working copy of 'extensions/dagger-adapter/test/com/google/inject/daggeradapter/MultibindsTest.java', LF will be replaced by CRLF the next time Git touches it
warning: in the working copy of 'extensions/dagger-adapter/test/com/google/inject/daggeradapter/OptionalBindingsTest.java', LF will be replaced by CRLF the next time Git touches it
warning: in the working copy of 'extensions/grapher/build.properties', LF will be replaced by CRLF the next time Git touches it
warning: in the working copy of 'extensions/grapher/pom.xml', LF will be replaced by CRLF the next time Git touches it
warning: in the working copy of 'extensions/grapher/src/com/google/inject/grapher/AbstractInjectorGrapher.java', LF will be replaced by CRLF the next time Git touches it
warning: in the working copy of 'extensions/grapher/src/com/google/inject/grapher/Alias.java', LF will be replaced by CRLF the next time Git touches it
warning: in the working copy of 'extensions/grapher/src/com/google/inject/grapher/AliasCreator.java', LF will be replaced by CRLF the next time Git touches it
warning: in the working copy of 'extensions/grapher/src/com/google/inject/grapher/BindingEdge.java', LF will be replaced by CRLF the next time Git touches it
warning: in the working copy of 'extensions/grapher/src/com/google/inject/grapher/DefaultEdgeCreator.java', LF will be replaced by CRLF the next time Git touches it
warning: in the working copy of 'extensions/grapher/src/com/google/inject/grapher/DefaultNodeCreator.java', LF will be replaced by CRLF the next time Git touches it
warning: in the working copy of 'extensions/grapher/src/com/google/inject/grapher/DefaultRootKeySetCreator.java', LF will be replaced by CRLF the next time Git touches it
warning: in the working copy of 'extensions/grapher/src/com/google/inject/grapher/DependencyEdge.java', LF will be replaced by CRLF the next time Git touches it
warning: in the working copy of 'extensions/grapher/src/com/google/inject/grapher/Edge.java', LF will be replaced by CRLF the next time Git touches it
warning: in the working copy of 'extensions/grapher/src/com/google/inject/grapher/EdgeCreator.java', LF will be replaced by CRLF the next time Git touches it
warning: in the working copy of 'extensions/grapher/src/com/google/inject/grapher/ImplementationNode.java', LF will be replaced by CRLF the next time Git touches it
warning: in the working copy of 'extensions/grapher/src/com/google/inject/grapher/InjectorGrapher.java', LF will be replaced by CRLF the next time Git touches it
warning: in the working copy of 'extensions/grapher/src/com/google/inject/grapher/InstanceNode.java', LF will be replaced by CRLF the next time Git touches it
warning: in the working copy of 'extensions/grapher/src/com/google/inject/grapher/InterfaceNode.java', LF will be replaced by CRLF the next time Git touches it
warning: in the working copy of 'extensions/grapher/src/com/google/inject/grapher/NameFactory.java', LF will be replaced by CRLF the next time Git touches it
warning: in the working copy of 'extensions/grapher/src/com/google/inject/grapher/Node.java', LF will be replaced by CRLF the next time Git touches it
warning: in the working copy of 'extensions/grapher/src/com/google/inject/grapher/NodeCreator.java', LF will be replaced by CRLF the next time Git touches it
warning: in the working copy of 'extensions/grapher/src/com/google/inject/grapher/NodeId.java', LF will be replaced by CRLF the next time Git touches it
warning: in the working copy of 'extensions/grapher/src/com/google/inject/grapher/ProviderAliasCreator.java', LF will be replaced by CRLF the next time Git touches it
warning: in the working copy of 'extensions/grapher/src/com/google/inject/grapher/RootKeySetCreator.java', LF will be replaced by CRLF the next time Git touches it
warning: in the working copy of 'extensions/grapher/src/com/google/inject/grapher/ShortNameFactory.java', LF will be replaced by CRLF the next time Git touches it
warning: in the working copy of 'extensions/grapher/src/com/google/inject/grapher/TransitiveDependencyVisitor.java', LF will be replaced by CRLF the next time Git touches it
warning: in the working copy of 'extensions/grapher/src/com/google/inject/grapher/graphviz/ArrowType.java', LF will be replaced by CRLF the next time Git touches it
warning: in the working copy of 'extensions/grapher/src/com/google/inject/grapher/graphviz/CompassPoint.java', LF will be replaced by CRLF the next time Git touches it
warning: in the working copy of 'extensions/grapher/src/com/google/inject/grapher/graphviz/EdgeStyle.java', LF will be replaced by CRLF the next time Git touches it
warning: in the working copy of 'extensions/grapher/src/com/google/inject/grapher/graphviz/Graphviz.java', LF will be replaced by CRLF the next time Git touches it
warning: in the working copy of 'extensions/grapher/src/com/google/inject/grapher/graphviz/GraphvizEdge.java', LF will be replaced by CRLF the next time Git touches it
warning: in the working copy of 'extensions/grapher/src/com/google/inject/grapher/graphviz/GraphvizGrapher.java', LF will be replaced by CRLF the next time Git touches it
warning: in the working copy of 'extensions/grapher/src/com/google/inject/grapher/graphviz/GraphvizModule.java', LF will be replaced by CRLF the next time Git touches it
warning: in the working copy of 'extensions/grapher/src/com/google/inject/grapher/graphviz/GraphvizNode.java', LF will be replaced by CRLF the next time Git touches it
warning: in the working copy of 'extensions/grapher/src/com/google/inject/grapher/graphviz/NodeShape.java', LF will be replaced by CRLF the next time Git touches it
warning: in the working copy of 'extensions/grapher/src/com/google/inject/grapher/graphviz/NodeStyle.java', LF will be replaced by CRLF the next time Git touches it
warning: in the working copy of 'extensions/grapher/src/com/google/inject/grapher/graphviz/PortIdFactory.java', LF will be replaced by CRLF the next time Git touches it
warning: in the working copy of 'extensions/grapher/src/com/google/inject/grapher/graphviz/PortIdFactoryImpl.java', LF will be replaced by CRLF the next time Git touches it
warning: in the working copy of 'extensions/grapher/test/com/google/inject/grapher/AbstractInjectorGrapherTest.java', LF will be replaced by CRLF the next time Git touches it
warning: in the working copy of 'extensions/grapher/test/com/google/inject/grapher/AllTests.java', LF will be replaced by CRLF the next time Git touches it
warning: in the working copy of 'extensions/grapher/test/com/google/inject/grapher/ShortNameFactoryTest.java', LF will be replaced by CRLF the next time Git touches it
warning: in the working copy of 'extensions/grapher/test/com/google/inject/grapher/TransitiveDependencyVisitorTest.java', LF will be replaced by CRLF the next time Git touches it
warning: in the working copy of 'extensions/grapher/test/com/google/inject/grapher/demo/AssistedInjectModule.java', LF will be replaced by CRLF the next time Git touches it
warning: in the working copy of 'extensions/grapher/test/com/google/inject/grapher/demo/BackToTheFutureModule.java', LF will be replaced by CRLF the next time Git touches it
warning: in the working copy of 'extensions/grapher/test/com/google/inject/grapher/demo/DanceParty.java', LF will be replaced by CRLF the next time Git touches it
warning: in the working copy of 'extensions/grapher/test/com/google/inject/grapher/demo/DancePartyFactory.java', LF will be replaced by CRLF the next time Git touches it
warning: in the working copy of 'extensions/grapher/test/com/google/inject/grapher/demo/DancePartyImpl.java', LF will be replaced by CRLF the next time Git touches it
warning: in the working copy of 'extensions/grapher/test/com/google/inject/grapher/demo/DeLorian.java', LF will be replaced by CRLF the next time Git touches it
warning: in the working copy of 'extensions/grapher/test/com/google/inject/grapher/demo/DocBrown.java', LF will be replaced by CRLF the next time Git touches it
warning: in the working copy of 'extensions/grapher/test/com/google/inject/grapher/demo/Driver.java', LF will be replaced by CRLF the next time Git touches it
warning: in the working copy of 'extensions/grapher/test/com/google/inject/grapher/demo/EnergySource.java', LF will be replaced by CRLF the next time Git touches it
warning: in the working copy of 'extensions/grapher/test/com/google/inject/grapher/demo/EnergySourceProvider.java', LF will be replaced by CRLF the next time Git touches it
warning: in the working copy of 'extensions/grapher/test/com/google/inject/grapher/demo/FluxCapacitor.java', LF will be replaced by CRLF the next time Git touches it
warning: in the working copy of 'extensions/grapher/test/com/google/inject/grapher/demo/InjectorGrapherDemo.java', LF will be replaced by CRLF the next time Git touches it
warning: in the working copy of 'extensions/grapher/test/com/google/inject/grapher/demo/Inventor.java', LF will be replaced by CRLF the next time Git touches it
warning: in the working copy of 'extensions/grapher/test/com/google/inject/grapher/demo/Lightning.java', LF will be replaced by CRLF the next time Git touches it
warning: in the working copy of 'extensions/grapher/test/com/google/inject/grapher/demo/MartyMcFly.java', LF will be replaced by CRLF the next time Git touches it
warning: in the working copy of 'extensions/grapher/test/com/google/inject/grapher/demo/MultibinderModule.java', LF will be replaced by CRLF the next time Git touches it
warning: in the working copy of 'extensions/grapher/test/com/google/inject/grapher/demo/Nuclear.java', LF will be replaced by CRLF the next time Git touches it
warning: in the working copy of 'extensions/grapher/test/com/google/inject/grapher/demo/Person.java', LF will be replaced by CRLF the next time Git touches it
warning: in the working copy of 'extensions/grapher/test/com/google/inject/grapher/demo/PinballParts.java', LF will be replaced by CRLF the next time Git touches it
warning: in the working copy of 'extensions/grapher/test/com/google/inject/grapher/demo/Plutonium.java', LF will be replaced by CRLF the next time Git touches it
warning: in the working copy of 'extensions/grapher/test/com/google/inject/grapher/demo/PlutoniumProvider.java', LF will be replaced by CRLF the next time Git touches it
warning: in the working copy of 'extensions/grapher/test/com/google/inject/grapher/demo/PrivateTestModule.java', LF will be replaced by CRLF the next time Git touches it
warning: in the working copy of 'extensions/grapher/test/com/google/inject/grapher/demo/Renewable.java', LF will be replaced by CRLF the next time Git touches it
warning: in the working copy of 'extensions/grapher/test/com/google/inject/grapher/demo/Used.java', LF will be replaced by CRLF the next time Git touches it
warning: in the working copy of 'extensions/jmx/.gitignore', LF will be replaced by CRLF the next time Git touches it
warning: in the working copy of 'extensions/jmx/build.properties', LF will be replaced by CRLF the next time Git touches it
warning: in the working copy of 'extensions/jmx/pom.xml', LF will be replaced by CRLF the next time Git touches it
warning: in the working copy of 'extensions/jmx/src/com/google/inject/tools/jmx/ManagedBinding.java', LF will be replaced by CRLF the next time Git touches it
warning: in the working copy of 'extensions/jmx/src/com/google/inject/tools/jmx/ManagedBindingMBean.java', LF will be replaced by CRLF the next time Git touches it
warning: in the working copy of 'extensions/jmx/src/com/google/inject/tools/jmx/Manager.java', LF will be replaced by CRLF the next time Git touches it
warning: in the working copy of 'extensions/jmx/src/com/google/inject/tools/jmx/package-info.java', LF will be replaced by CRLF the next time Git touches it
warning: in the working copy of 'extensions/jmx/test/com/google/inject/tools/jmx/JmxTest.java', LF will be replaced by CRLF the next time Git touches it
warning: in the working copy of 'extensions/jndi/build.properties', LF will be replaced by CRLF the next time Git touches it
warning: in the working copy of 'extensions/jndi/pom.xml', LF will be replaced by CRLF the next time Git touches it
warning: in the working copy of 'extensions/jndi/src/com/google/inject/jndi/JndiIntegration.java', LF will be replaced by CRLF the next time Git touches it
warning: in the working copy of 'extensions/jndi/src/com/google/inject/jndi/package-info.java', LF will be replaced by CRLF the next time Git touches it
warning: in the working copy of 'extensions/mini/.gitignore', LF will be replaced by CRLF the next time Git touches it
warning: in the working copy of 'extensions/mini/pom.xml', LF will be replaced by CRLF the next time Git touches it
warning: in the working copy of 'extensions/mini/src/com/google/inject/mini/MiniGuice.java', LF will be replaced by CRLF the next time Git touches it
warning: in the working copy of 'extensions/mini/test/com/google/inject/mini/MiniGuiceTest.java', LF will be replaced by CRLF the next time Git touches it
warning: in the working copy of 'extensions/persist/build.properties', LF will be replaced by CRLF the next time Git touches it
warning: in the working copy of 'extensions/persist/pom.xml', LF will be replaced by CRLF the next time Git touches it
warning: in the working copy of 'extensions/persist/src/com/google/inject/persist/PersistFilter.java', LF will be replaced by CRLF the next time Git touches it
warning: in the working copy of 'extensions/persist/src/com/google/inject/persist/PersistModule.java', LF will be replaced by CRLF the next time Git touches it
warning: in the working copy of 'extensions/persist/src/com/google/inject/persist/PersistService.java', LF will be replaced by CRLF the next time Git touches it
warning: in the working copy of 'extensions/persist/src/com/google/inject/persist/Transactional.java', LF will be replaced by CRLF the next time Git touches it
warning: in the working copy of 'extensions/persist/src/com/google/inject/persist/UnitOfWork.java', LF will be replaced by CRLF the next time Git touches it
warning: in the working copy of 'extensions/persist/src/com/google/inject/persist/finder/DynamicFinder.java', LF will be replaced by CRLF the next time Git touches it
warning: in the working copy of 'extensions/persist/src/com/google/inject/persist/finder/Finder.java', LF will be replaced by CRLF the next time Git touches it
warning: in the working copy of 'extensions/persist/src/com/google/inject/persist/finder/FirstResult.java', LF will be replaced by CRLF the next time Git touches it
warning: in the working copy of 'extensions/persist/src/com/google/inject/persist/finder/MaxResults.java', LF will be replaced by CRLF the next time Git touches it
warning: in the working copy of 'extensions/persist/src/com/google/inject/persist/finder/package-info.java', LF will be replaced by CRLF the next time Git touches it
warning: in the working copy of 'extensions/persist/src/com/google/inject/persist/jpa/Jpa.java', LF will be replaced by CRLF the next time Git touches it
warning: in the working copy of 'extensions/persist/src/com/google/inject/persist/jpa/JpaFinderProxy.java', LF will be replaced by CRLF the next time Git touches it
warning: in the working copy of 'extensions/persist/src/com/google/inject/persist/jpa/JpaLocalTxnInterceptor.java', LF will be replaced by CRLF the next time Git touches it
warning: in the working copy of 'extensions/persist/src/com/google/inject/persist/jpa/JpaPersistModule.java', LF will be replaced by CRLF the next time Git touches it
warning: in the working copy of 'extensions/persist/src/com/google/inject/persist/jpa/JpaPersistService.java', LF will be replaced by CRLF the next time Git touches it
warning: in the working copy of 'extensions/persist/src/com/google/inject/persist/jpa/package-info.java', LF will be replaced by CRLF the next time Git touches it
warning: in the working copy of 'extensions/persist/src/com/google/inject/persist/package-info.java', LF will be replaced by CRLF the next time Git touches it
warning: in the working copy of 'extensions/persist/test/META-INF/persistence.xml', LF will be replaced by CRLF the next time Git touches it
warning: in the working copy of 'extensions/persist/test/com/google/inject/persist/AllTests.java', LF will be replaced by CRLF the next time Git touches it
warning: in the working copy of 'extensions/persist/test/com/google/inject/persist/EdslTest.java', LF will be replaced by CRLF the next time Git touches it
warning: in the working copy of 'extensions/persist/test/com/google/inject/persist/jpa/ClassLevelManagedLocalTransactionsTest.java', LF will be replaced by CRLF the next time Git touches it
warning: in the working copy of 'extensions/persist/test/com/google/inject/persist/jpa/CustomPropsEntityManagerFactoryProvisionTest.java', LF will be replaced by CRLF the next time Git touches it
warning: in the working copy of 'extensions/persist/test/com/google/inject/persist/jpa/DynamicFinderTest.java', LF will be replaced by CRLF the next time Git touches it
warning: in the working copy of 'extensions/persist/test/com/google/inject/persist/jpa/EnsureJpaCanTakeObjectsInPropertiesTest.java', LF will be replaced by CRLF the next time Git touches it
warning: in the working copy of 'extensions/persist/test/com/google/inject/persist/jpa/EntityManagerFactoryProvisionTest.java', LF will be replaced by CRLF the next time Git touches it
warning: in the working copy of 'extensions/persist/test/com/google/inject/persist/jpa/EntityManagerPerRequestProvisionTest.java', LF will be replaced by CRLF the next time Git touches it
warning: in the working copy of 'extensions/persist/test/com/google/inject/persist/jpa/EntityManagerProvisionTest.java', LF will be replaced by CRLF the next time Git touches it
warning: in the working copy of 'extensions/persist/test/com/google/inject/persist/jpa/JoiningLocalTransactionsTest.java', LF will be replaced by CRLF the next time Git touches it
warning: in the working copy of 'extensions/persist/test/com/google/inject/persist/jpa/JpaParentTestEntity.java', LF will be replaced by CRLF the next time Git touches it
warning: in the working copy of 'extensions/persist/test/com/google/inject/persist/jpa/JpaPersistServiceTest.java', LF will be replaced by CRLF the next time Git touches it
warning: in the working copy of 'extensions/persist/test/com/google/inject/persist/jpa/JpaTestEntity.java', LF will be replaced by CRLF the next time Git touches it
warning: in the working copy of 'extensions/persist/test/com/google/inject/persist/jpa/JpaWorkManagerTest.java', LF will be replaced by CRLF the next time Git touches it
warning: in the working copy of 'extensions/persist/test/com/google/inject/persist/jpa/ManagedLocalTransactionsAcrossRequestTest.java', LF will be replaced by CRLF the next time Git touches it
warning: in the working copy of 'extensions/persist/test/com/google/inject/persist/jpa/ManagedLocalTransactionsTest.java', LF will be replaced by CRLF the next time Git touches it
warning: in the working copy of 'extensions/persist/test/com/google/inject/persist/jpa/ManualLocalTransactionsConfidenceTest.java', LF will be replaced by CRLF the next time Git touches it
warning: in the working copy of 'extensions/persist/test/com/google/inject/persist/jpa/ManualLocalTransactionsTest.java', LF will be replaced by CRLF the next time Git touches it
warning: in the working copy of 'extensions/persist/test/com/google/inject/persist/jpa/ManualLocalTransactionsWithCustomMatcherTest.java', LF will be replaced by CRLF the next time Git touches it
warning: in the working copy of 'extensions/persist/test/log4j.properties', LF will be replaced by CRLF the next time Git touches it
warning: in the working copy of 'extensions/pom.xml', LF will be replaced by CRLF the next time Git touches it
warning: in the working copy of 'extensions/service/pom.xml', LF will be replaced by CRLF the next time Git touches it
warning: in the working copy of 'extensions/service/src/com/google/inject/service/AsyncService.java', LF will be replaced by CRLF the next time Git touches it
warning: in the working copy of 'extensions/service/src/com/google/inject/service/CompositeService.java', LF will be replaced by CRLF the next time Git touches it
warning: in the working copy of 'extensions/service/src/com/google/inject/service/Service.java', LF will be replaced by CRLF the next time Git touches it
warning: in the working copy of 'extensions/service/test/com/google/inject/service/SingleServiceIntegrationTest.java', LF will be replaced by CRLF the next time Git touches it
warning: in the working copy of 'extensions/servlet/build.properties', LF will be replaced by CRLF the next time Git touches it
warning: in the working copy of 'extensions/servlet/pom.xml', LF will be replaced by CRLF the next time Git touches it
warning: in the working copy of 'extensions/servlet/src/com/google/inject/servlet/AbstractServletModuleBinding.java', LF will be replaced by CRLF the next time Git touches it
warning: in the working copy of 'extensions/servlet/src/com/google/inject/servlet/ContinuingHttpServletRequest.java', LF will be replaced by CRLF the next time Git touches it
warning: in the working copy of 'extensions/servlet/src/com/google/inject/servlet/DefaultFilterPipeline.java', LF will be replaced by CRLF the next time Git touches it
warning: in the working copy of 'extensions/servlet/src/com/google/inject/servlet/FilterChainInvocation.java', LF will be replaced by CRLF the next time Git touches it
warning: in the working copy of 'extensions/servlet/src/com/google/inject/servlet/FilterDefinition.java', LF will be replaced by CRLF the next time Git touches it
warning: in the working copy of 'extensions/servlet/src/com/google/inject/servlet/FilterPipeline.java', LF will be replaced by CRLF the next time Git touches it
warning: in the working copy of 'extensions/servlet/src/com/google/inject/servlet/FiltersModuleBuilder.java', LF will be replaced by CRLF the next time Git touches it
warning: in the working copy of 'extensions/servlet/src/com/google/inject/servlet/GuiceFilter.java', LF will be replaced by CRLF the next time Git touches it
warning: in the working copy of 'extensions/servlet/src/com/google/inject/servlet/GuiceServletContextListener.java', LF will be replaced by CRLF the next time Git touches it
warning: in the working copy of 'extensions/servlet/src/com/google/inject/servlet/InstanceFilterBinding.java', LF will be replaced by CRLF the next time Git touches it
warning: in the working copy of 'extensions/servlet/src/com/google/inject/servlet/InstanceFilterBindingImpl.java', LF will be replaced by CRLF the next time Git touches it
warning: in the working copy of 'extensions/servlet/src/com/google/inject/servlet/InstanceServletBinding.java', LF will be replaced by CRLF the next time Git touches it
warning: in the working copy of 'extensions/servlet/src/com/google/inject/servlet/InstanceServletBindingImpl.java', LF will be replaced by CRLF the next time Git touches it
warning: in the working copy of 'extensions/servlet/src/com/google/inject/servlet/InternalServletModule.java', LF will be replaced by CRLF the next time Git touches it
warning: in the working copy of 'extensions/servlet/src/com/google/inject/servlet/LinkedFilterBinding.java', LF will be replaced by CRLF the next time Git touches it
warning: in the working copy of 'extensions/servlet/src/com/google/inject/servlet/LinkedFilterBindingImpl.java', LF will be replaced by CRLF the next time Git touches it
warning: in the working copy of 'extensions/servlet/src/com/google/inject/servlet/LinkedServletBinding.java', LF will be replaced by CRLF the next time Git touches it
warning: in the working copy of 'extensions/servlet/src/com/google/inject/servlet/LinkedServletBindingImpl.java', LF will be replaced by CRLF the next time Git touches it
warning: in the working copy of 'extensions/servlet/src/com/google/inject/servlet/ManagedFilterPipeline.java', LF will be replaced by CRLF the next time Git touches it
warning: in the working copy of 'extensions/servlet/src/com/google/inject/servlet/ManagedServletPipeline.java', LF will be replaced by CRLF the next time Git touches it
warning: in the working copy of 'extensions/servlet/src/com/google/inject/servlet/RequestParameters.java', LF will be replaced by CRLF the next time Git touches it
warning: in the working copy of 'extensions/servlet/src/com/google/inject/servlet/RequestScoped.java', LF will be replaced by CRLF the next time Git touches it
warning: in the working copy of 'extensions/servlet/src/com/google/inject/servlet/RequestScoper.java', LF will be replaced by CRLF the next time Git touches it
warning: in the working copy of 'extensions/servlet/src/com/google/inject/servlet/ScopingException.java', LF will be replaced by CRLF the next time Git touches it
warning: in the working copy of 'extensions/servlet/src/com/google/inject/servlet/ScopingOnly.java', LF will be replaced by CRLF the next time Git touches it
warning: in the working copy of 'extensions/servlet/src/com/google/inject/servlet/ServletDefinition.java', LF will be replaced by CRLF the next time Git touches it
warning: in the working copy of 'extensions/servlet/src/com/google/inject/servlet/ServletModule.java', LF will be replaced by CRLF the next time Git touches it
warning: in the working copy of 'extensions/servlet/src/com/google/inject/servlet/ServletModuleBinding.java', LF will be replaced by CRLF the next time Git touches it
warning: in the working copy of 'extensions/servlet/src/com/google/inject/servlet/ServletModuleTargetVisitor.java', LF will be replaced by CRLF the next time Git touches it
warning: in the working copy of 'extensions/servlet/src/com/google/inject/servlet/ServletScopes.java', LF will be replaced by CRLF the next time Git touches it
warning: in the working copy of 'extensions/servlet/src/com/google/inject/servlet/ServletUtils.java', LF will be replaced by CRLF the next time Git touches it
warning: in the working copy of 'extensions/servlet/src/com/google/inject/servlet/ServletsModuleBuilder.java', LF will be replaced by CRLF the next time Git touches it
warning: in the working copy of 'extensions/servlet/src/com/google/inject/servlet/SessionScoped.java', LF will be replaced by CRLF the next time Git touches it
warning: in the working copy of 'extensions/servlet/src/com/google/inject/servlet/UriPatternMatcher.java', LF will be replaced by CRLF the next time Git touches it
warning: in the working copy of 'extensions/servlet/src/com/google/inject/servlet/UriPatternType.java', LF will be replaced by CRLF the next time Git touches it
warning: in the working copy of 'extensions/servlet/src/com/google/inject/servlet/package-info.java', LF will be replaced by CRLF the next time Git touches it
warning: in the working copy of 'extensions/servlet/test/com/google/inject/servlet/AllTests.java', LF will be replaced by CRLF the next time Git touches it
warning: in the working copy of 'extensions/servlet/test/com/google/inject/servlet/ContextPathTest.java', LF will be replaced by CRLF the next time Git touches it
warning: in the working copy of 'extensions/servlet/test/com/google/inject/servlet/ContinuingHttpServletRequestTest.java', LF will be replaced by CRLF the next time Git touches it
warning: in the working copy of 'extensions/servlet/test/com/google/inject/servlet/ContinuingRequestIntegrationTest.java', LF will be replaced by CRLF the next time Git touches it
warning: in the working copy of 'extensions/servlet/test/com/google/inject/servlet/DummyFilterImpl.java', LF will be replaced by CRLF the next time Git touches it
warning: in the working copy of 'extensions/servlet/test/com/google/inject/servlet/DummyServlet.java', LF will be replaced by CRLF the next time Git touches it
warning: in the working copy of 'extensions/servlet/test/com/google/inject/servlet/EdslTest.java', LF will be replaced by CRLF the next time Git touches it
warning: in the working copy of 'extensions/servlet/test/com/google/inject/servlet/ExtensionSpiTest.java', LF will be replaced by CRLF the next time Git touches it
warning: in the working copy of 'extensions/servlet/test/com/google/inject/servlet/FilterDefinitionTest.java', LF will be replaced by CRLF the next time Git touches it
warning: in the working copy of 'extensions/servlet/test/com/google/inject/servlet/FilterDispatchIntegrationTest.java', LF will be replaced by CRLF the next time Git touches it
warning: in the working copy of 'extensions/servlet/test/com/google/inject/servlet/FilterPipelineTest.java', LF will be replaced by CRLF the next time Git touches it
warning: in the working copy of 'extensions/servlet/test/com/google/inject/servlet/InjectedFilterPipelineTest.java', LF will be replaced by CRLF the next time Git touches it
warning: in the working copy of 'extensions/servlet/test/com/google/inject/servlet/InvalidScopeBindingTest.java', LF will be replaced by CRLF the next time Git touches it
warning: in the working copy of 'extensions/servlet/test/com/google/inject/servlet/MultiModuleDispatchIntegrationTest.java', LF will be replaced by CRLF the next time Git touches it
warning: in the working copy of 'extensions/servlet/test/com/google/inject/servlet/MultipleServletInjectorsTest.java', LF will be replaced by CRLF the next time Git touches it
warning: in the working copy of 'extensions/servlet/test/com/google/inject/servlet/ScopeRequestIntegrationTest.java', LF will be replaced by CRLF the next time Git touches it
warning: in the working copy of 'extensions/servlet/test/com/google/inject/servlet/ServletDefinitionPathsTest.java', LF will be replaced by CRLF the next time Git touches it
warning: in the working copy of 'extensions/servlet/test/com/google/inject/servlet/ServletDefinitionTest.java', LF will be replaced by CRLF the next time Git touches it
warning: in the working copy of 'extensions/servlet/test/com/google/inject/servlet/ServletDispatchIntegrationTest.java', LF will be replaced by CRLF the next time Git touches it
warning: in the working copy of 'extensions/servlet/test/com/google/inject/servlet/ServletModuleTest.java', LF will be replaced by CRLF the next time Git touches it
warning: in the working copy of 'extensions/servlet/test/com/google/inject/servlet/ServletPipelineRequestDispatcherTest.java', LF will be replaced by CRLF the next time Git touches it
warning: in the working copy of 'extensions/servlet/test/com/google/inject/servlet/ServletScopesTest.java', LF will be replaced by CRLF the next time Git touches it
warning: in the working copy of 'extensions/servlet/test/com/google/inject/servlet/ServletSpiVisitor.java', LF will be replaced by CRLF the next time Git touches it
warning: in the working copy of 'extensions/servlet/test/com/google/inject/servlet/ServletTest.java', LF will be replaced by CRLF the next time Git touches it
warning: in the working copy of 'extensions/servlet/test/com/google/inject/servlet/ServletTestUtils.java', LF will be replaced by CRLF the next time Git touches it
warning: in the working copy of 'extensions/servlet/test/com/google/inject/servlet/ServletUtilsTest.java', LF will be replaced by CRLF the next time Git touches it
warning: in the working copy of 'extensions/servlet/test/com/google/inject/servlet/TransferRequestIntegrationTest.java', LF will be replaced by CRLF the next time Git touches it
warning: in the working copy of 'extensions/servlet/test/com/google/inject/servlet/UriPatternTypeTest.java', LF will be replaced by CRLF the next time Git touches it
warning: in the working copy of 'extensions/servlet/test/com/google/inject/servlet/VarargsFilterDispatchIntegrationTest.java', LF will be replaced by CRLF the next time Git touches it
warning: in the working copy of 'extensions/servlet/test/com/google/inject/servlet/VarargsServletDispatchIntegrationTest.java', LF will be replaced by CRLF the next time Git touches it
warning: in the working copy of 'extensions/spring/.gitignore', LF will be replaced by CRLF the next time Git touches it
warning: in the working copy of 'extensions/spring/build.properties', LF will be replaced by CRLF the next time Git touches it
warning: in the working copy of 'extensions/spring/pom.xml', LF will be replaced by CRLF the next time Git touches it
warning: in the working copy of 'extensions/spring/src/com/google/inject/spring/SpringIntegration.java', LF will be replaced by CRLF the next time Git touches it
warning: in the working copy of 'extensions/spring/src/com/google/inject/spring/package-info.java', LF will be replaced by CRLF the next time Git touches it
warning: in the working copy of 'extensions/spring/test/com/google/inject/spring/SpringIntegrationTest.java', LF will be replaced by CRLF the next time Git touches it
warning: in the working copy of 'extensions/struts2/.gitignore', LF will be replaced by CRLF the next time Git touches it
warning: in the working copy of 'extensions/struts2/build.properties', LF will be replaced by CRLF the next time Git touches it
warning: in the working copy of 'extensions/struts2/example/build.properties', LF will be replaced by CRLF the next time Git touches it
warning: in the working copy of 'extensions/struts2/example/build.xml', LF will be replaced by CRLF the next time Git touches it
warning: in the working copy of 'extensions/struts2/example/root/Counter.jsp', LF will be replaced by CRLF the next time Git touches it
warning: in the working copy of 'extensions/struts2/example/root/WEB-INF/web.xml', LF will be replaced by CRLF the next time Git touches it
warning: in the working copy of 'extensions/struts2/example/src/com/google/inject/struts2/example/Count.java', LF will be replaced by CRLF the next time Git touches it
warning: in the working copy of 'extensions/struts2/example/src/com/google/inject/struts2/example/Counter.java', LF will be replaced by CRLF the next time Git touches it
warning: in the working copy of 'extensions/struts2/example/src/com/google/inject/struts2/example/ExampleListener.java', LF will be replaced by CRLF the next time Git touches it
warning: in the working copy of 'extensions/struts2/example/src/com/google/inject/struts2/example/Main.java', LF will be replaced by CRLF the next time Git touches it
warning: in the working copy of 'extensions/struts2/example/src/com/google/inject/struts2/example/Service.java', LF will be replaced by CRLF the next time Git touches it
warning: in the working copy of 'extensions/struts2/example/src/com/google/inject/struts2/example/ServiceImpl.java', LF will be replaced by CRLF the next time Git touches it
warning: in the working copy of 'extensions/struts2/example/src/struts.xml', LF will be replaced by CRLF the next time Git touches it
warning: in the working copy of 'extensions/struts2/pom.xml', LF will be replaced by CRLF the next time Git touches it
warning: in the working copy of 'extensions/struts2/src/com/google/inject/struts2/GuiceObjectFactory.java', LF will be replaced by CRLF the next time Git touches it
warning: in the working copy of 'extensions/struts2/src/com/google/inject/struts2/Struts2Factory.java', LF will be replaced by CRLF the next time Git touches it
warning: in the working copy of 'extensions/struts2/src/com/google/inject/struts2/Struts2GuicePluginModule.java', LF will be replaced by CRLF the next time Git touches it
warning: in the working copy of 'extensions/struts2/src/struts-plugin.xml', LF will be replaced by CRLF the next time Git touches it
warning: in the working copy of 'extensions/struts2/test/com/google/inject/struts2/Struts2FactoryTest.java', LF will be replaced by CRLF the next time Git touches it
warning: in the working copy of 'extensions/testlib/build.properties', LF will be replaced by CRLF the next time Git touches it
warning: in the working copy of 'extensions/testlib/pom.xml', LF will be replaced by CRLF the next time Git touches it
warning: in the working copy of 'extensions/testlib/src/com/google/inject/testing/fieldbinder/Bind.java', LF will be replaced by CRLF the next time Git touches it
warning: in the working copy of 'extensions/testlib/src/com/google/inject/testing/fieldbinder/BoundFieldModule.java', LF will be replaced by CRLF the next time Git touches it
warning: in the working copy of 'extensions/testlib/src/com/google/inject/testing/throwingproviders/CheckedProviderSubject.java', LF will be replaced by CRLF the next time Git touches it
warning: in the working copy of 'extensions/testlib/test/com/google/inject/testing/fieldbinder/BoundFieldModuleTest.java', LF will be replaced by CRLF the next time Git touches it
warning: in the working copy of 'extensions/testlib/test/com/google/inject/testing/fieldbinder/TestPermit.java', LF will be replaced by CRLF the next time Git touches it
warning: in the working copy of 'extensions/testlib/test/com/google/inject/testing/throwingproviders/CheckedProviderSubjectTest.java', LF will be replaced by CRLF the next time Git touches it
warning: in the working copy of 'extensions/throwingproviders/build.properties', LF will be replaced by CRLF the next time Git touches it
warning: in the working copy of 'extensions/throwingproviders/pom.xml', LF will be replaced by CRLF the next time Git touches it
warning: in the working copy of 'extensions/throwingproviders/src/com/google/inject/throwingproviders/CheckedProvideUtils.java', LF will be replaced by CRLF the next time Git touches it
warning: in the working copy of 'extensions/throwingproviders/src/com/google/inject/throwingproviders/CheckedProvider.java', LF will be replaced by CRLF the next time Git touches it
warning: in the working copy of 'extensions/throwingproviders/src/com/google/inject/throwingproviders/CheckedProviderMethod.java', LF will be replaced by CRLF the next time Git touches it
warning: in the working copy of 'extensions/throwingproviders/src/com/google/inject/throwingproviders/CheckedProviderMethodsModule.java', LF will be replaced by CRLF the next time Git touches it
warning: in the working copy of 'extensions/throwingproviders/src/com/google/inject/throwingproviders/CheckedProviderWithDependencies.java', LF will be replaced by CRLF the next time Git touches it
warning: in the working copy of 'extensions/throwingproviders/src/com/google/inject/throwingproviders/CheckedProviders.java', LF will be replaced by CRLF the next time Git touches it
warning: in the working copy of 'extensions/throwingproviders/src/com/google/inject/throwingproviders/CheckedProvides.java', LF will be replaced by CRLF the next time Git touches it
warning: in the working copy of 'extensions/throwingproviders/src/com/google/inject/throwingproviders/ProviderChecker.java', LF will be replaced by CRLF the next time Git touches it
warning: in the working copy of 'extensions/throwingproviders/src/com/google/inject/throwingproviders/ThrowingInject.java', LF will be replaced by CRLF the next time Git touches it
warning: in the working copy of 'extensions/throwingproviders/src/com/google/inject/throwingproviders/ThrowingProvider.java', LF will be replaced by CRLF the next time Git touches it
warning: in the working copy of 'extensions/throwingproviders/src/com/google/inject/throwingproviders/ThrowingProviderBinder.java', LF will be replaced by CRLF the next time Git touches it
warning: in the working copy of 'extensions/throwingproviders/src/com/google/inject/throwingproviders/package-info.java', LF will be replaced by CRLF the next time Git touches it
warning: in the working copy of 'extensions/throwingproviders/test/com/google/inject/throwingproviders/CheckedProviderMethodsModuleTest.java', LF will be replaced by CRLF the next time Git touches it
warning: in the working copy of 'extensions/throwingproviders/test/com/google/inject/throwingproviders/CheckedProviderTest.java', LF will be replaced by CRLF the next time Git touches it
warning: in the working copy of 'extensions/throwingproviders/test/com/google/inject/throwingproviders/CheckedProvidersTest.java', LF will be replaced by CRLF the next time Git touches it
warning: in the working copy of 'extensions/throwingproviders/test/com/google/inject/throwingproviders/TestScope.java', LF will be replaced by CRLF the next time Git touches it
warning: in the working copy of 'extensions/throwingproviders/test/com/google/inject/throwingproviders/ThrowingProviderTest.java', LF will be replaced by CRLF the next time Git touches it
warning: in the working copy of 'jdk8-tests/pom.xml', LF will be replaced by CRLF the next time Git touches it
warning: in the working copy of 'jdk8-tests/test/com/google/inject/jdk8/DefaultMethodInterceptionTest.java', LF will be replaced by CRLF the next time Git touches it
warning: in the working copy of 'jdk8-tests/test/com/google/inject/jdk8/Java8LanguageFeatureBindingTest.java', LF will be replaced by CRLF the next time Git touches it
warning: in the working copy of 'jdk8-tests/test/com/google/inject/jdk8/StaticInterfaceMethodsTest.java', LF will be replaced by CRLF the next time Git touches it
warning: in the working copy of 'pom.xml', LF will be replaced by CRLF the next time Git touches it
warning: in the working copy of 'util/api-diffs.index.html', LF will be replaced by CRLF the next time Git touches it
warning: in the working copy of 'util/diff-jars.sh', LF will be replaced by CRLF the next time Git touches it
warning: in the working copy of 'util/generate-latest-docs.sh', LF will be replaced by CRLF the next time Git touches it
warning: in the working copy of 'util/publish-latest-docs.sh', LF will be replaced by CRLF the next time Git touches it
guice              uptake ESCALATED              tests=2901/5787 cost=0.3016 viol=0 37s
fluxtion           uptake ESCALATED              tests=10/753 cost=0.526234 viol=0 65s
warning: in the working copy of 'src/main/java/org/apache/log4j/ULogger.java', LF will be replaced by CRLF the next time Git touches it
warning: in the working copy of 'src/main/java/org/apache/log4j/chainsaw/AbstractPreferencePanel.java', LF will be replaced by CRLF the next time Git touches it
warning: in the working copy of 'src/main/java/org/apache/log4j/chainsaw/ApplicationPreferenceModel.java', LF will be replaced by CRLF the next time Git touches it
warning: in the working copy of 'src/main/java/org/apache/log4j/chainsaw/ApplicationPreferenceModelPanel.java', LF will be replaced by CRLF the next time Git touches it
warning: in the working copy of 'src/main/java/org/apache/log4j/chainsaw/ApplicationPreferenceModelSaver.java', LF will be replaced by CRLF the next time Git touches it
warning: in the working copy of 'src/main/java/org/apache/log4j/chainsaw/BasicPrefPanel.java', LF will be replaced by CRLF the next time Git touches it
warning: in the working copy of 'src/main/java/org/apache/log4j/chainsaw/ChainsawAbout.java', LF will be replaced by CRLF the next time Git touches it
warning: in the working copy of 'src/main/java/org/apache/log4j/chainsaw/ChainsawAppender.java', LF will be replaced by CRLF the next time Git touches it
warning: in the working copy of 'src/main/java/org/apache/log4j/chainsaw/ChainsawColumns.java', LF will be replaced by CRLF the next time Git touches it
warning: in the working copy of 'src/main/java/org/apache/log4j/chainsaw/ChainsawConstants.java', LF will be replaced by CRLF the next time Git touches it
warning: in the working copy of 'src/main/java/org/apache/log4j/chainsaw/ChainsawCyclicBufferTableModel.java', LF will be replaced by CRLF the next time Git touches it
warning: in the working copy of 'src/main/java/org/apache/log4j/chainsaw/ChainsawEventBatchListener.java', LF will be replaced by CRLF the next time Git touches it
warning: in the working copy of 'src/main/java/org/apache/log4j/chainsaw/ChainsawReceiver.java', LF will be replaced by CRLF the next time Git touches it
warning: in the working copy of 'src/main/java/org/apache/log4j/chainsaw/ChainsawReceiverFactory.java', LF will be replaced by CRLF the next time Git touches it
warning: in the working copy of 'src/main/java/org/apache/log4j/chainsaw/ChainsawReceiverNode.java', LF will be replaced by CRLF the next time Git touches it
warning: in the working copy of 'src/main/java/org/apache/log4j/chainsaw/ChainsawReceiverSkeleton.java', LF will be replaced by CRLF the next time Git touches it
warning: in the working copy of 'src/main/java/org/apache/log4j/chainsaw/ChainsawSplash.java', LF will be replaced by CRLF the next time Git touches it
warning: in the working copy of 'src/main/java/org/apache/log4j/chainsaw/ChainsawStatusBar.java', LF will be replaced by CRLF the next time Git touches it
warning: in the working copy of 'src/main/java/org/apache/log4j/chainsaw/ChainsawTabbedPane.java', LF will be replaced by CRLF the next time Git touches it
warning: in the working copy of 'src/main/java/org/apache/log4j/chainsaw/ChainsawToolBarAndMenus.java', LF will be replaced by CRLF the next time Git touches it
warning: in the working copy of 'src/main/java/org/apache/log4j/chainsaw/ChainsawViewer.java', LF will be replaced by CRLF the next time Git touches it
warning: in the working copy of 'src/main/java/org/apache/log4j/chainsaw/CheckListCellRenderer.java', LF will be replaced by CRLF the next time Git touches it
warning: in the working copy of 'src/main/java/org/apache/log4j/chainsaw/ColumnComparator.java', LF will be replaced by CRLF the next time Git touches it
warning: in the working copy of 'src/main/java/org/apache/log4j/chainsaw/CommonActions.java', LF will be replaced by CRLF the next time Git touches it
warning: in the working copy of 'src/main/java/org/apache/log4j/chainsaw/CopyEventsToClipboardAction.java', LF will be replaced by CRLF the next time Git touches it
warning: in the working copy of 'src/main/java/org/apache/log4j/chainsaw/CyclicBufferList.java', LF will be replaced by CRLF the next time Git touches it
warning: in the working copy of 'src/main/java/org/apache/log4j/chainsaw/DockablePanel.java', LF will be replaced by CRLF the next time Git touches it
warning: in the working copy of 'src/main/java/org/apache/log4j/chainsaw/EventContainer.java', LF will be replaced by CRLF the next time Git touches it
warning: in the working copy of 'src/main/java/org/apache/log4j/chainsaw/EventCountListener.java', LF will be replaced by CRLF the next time Git touches it
warning: in the working copy of 'src/main/java/org/apache/log4j/chainsaw/ExpressionRuleContext.java', LF will be replaced by CRLF the next time Git touches it
warning: in the working copy of 'src/main/java/org/apache/log4j/chainsaw/FileLoadAction.java', LF will be replaced by CRLF the next time Git touches it
warning: in the working copy of 'src/main/java/org/apache/log4j/chainsaw/FileMenu.java', LF will be replaced by CRLF the next time Git touches it
warning: in the working copy of 'src/main/java/org/apache/log4j/chainsaw/FileSaveAction.java', LF will be replaced by CRLF the next time Git touches it
warning: in the working copy of 'src/main/java/org/apache/log4j/chainsaw/Generator.java', LF will be replaced by CRLF the next time Git touches it
warning: in the working copy of 'src/main/java/org/apache/log4j/chainsaw/GeneratorBeanInfo.java', LF will be replaced by CRLF the next time Git touches it
warning: in the working copy of 'src/main/java/org/apache/log4j/chainsaw/JSortTable.java', LF will be replaced by CRLF the next time Git touches it
warning: in the working copy of 'src/main/java/org/apache/log4j/chainsaw/JTextComponentFormatter.java', LF will be replaced by CRLF the next time Git touches it
warning: in the working copy of 'src/main/java/org/apache/log4j/chainsaw/LogFilePatternLayoutBuilder.java', LF will be replaced by CRLF the next time Git touches it
warning: in the working copy of 'src/main/java/org/apache/log4j/chainsaw/LogPanel.java', LF will be replaced by CRLF the next time Git touches it
warning: in the working copy of 'src/main/java/org/apache/log4j/chainsaw/LogPanelLoggerTreeModel.java', LF will be replaced by CRLF the next time Git touches it
warning: in the working copy of 'src/main/java/org/apache/log4j/chainsaw/LogPanelPreferenceModel.java', LF will be replaced by CRLF the next time Git touches it
warning: in the working copy of 'src/main/java/org/apache/log4j/chainsaw/LogPanelPreferencePanel.java', LF will be replaced by CRLF the next time Git touches it
warning: in the working copy of 'src/main/java/org/apache/log4j/chainsaw/LogUI.java', LF will be replaced by CRLF the next time Git touches it
warning: in the working copy of 'src/main/java/org/apache/log4j/chainsaw/LoggerNameListener.java', LF will be replaced by CRLF the next time Git touches it
warning: in the working copy of 'src/main/java/org/apache/log4j/chainsaw/LoggerNameModel.java', LF will be replaced by CRLF the next time Git touches it
warning: in the working copy of 'src/main/java/org/apache/log4j/chainsaw/LoggerNameModelSupport.java', LF will be replaced by CRLF the next time Git touches it
warning: in the working copy of 'src/main/java/org/apache/log4j/chainsaw/LoggerNameTree.java', LF will be replaced by CRLF the next time Git touches it
warning: in the working copy of 'src/main/java/org/apache/log4j/chainsaw/LoggerNameTreePanel.java', LF will be replaced by CRLF the next time Git touches it
warning: in the working copy of 'src/main/java/org/apache/log4j/chainsaw/LoggingEventWrapper.java', LF will be replaced by CRLF the next time Git touches it
warning: in the working copy of 'src/main/java/org/apache/log4j/chainsaw/ModifiableListModel.java', LF will be replaced by CRLF the next time Git touches it
warning: in the working copy of 'src/main/java/org/apache/log4j/chainsaw/NewKeyEvent.java', LF will be replaced by CRLF the next time Git touches it
warning: in the working copy of 'src/main/java/org/apache/log4j/chainsaw/NewKeyListener.java', LF will be replaced by CRLF the next time Git touches it
warning: in the working copy of 'src/main/java/org/apache/log4j/chainsaw/PopupListener.java', LF will be replaced by CRLF the next time Git touches it
warning: in the working copy of 'src/main/java/org/apache/log4j/chainsaw/ProgressPanel.java', LF will be replaced by CRLF the next time Git touches it
warning: in the working copy of 'src/main/java/org/apache/log4j/chainsaw/ReceiverConfigurationPanel.java', LF will be replaced by CRLF the next time Git touches it
warning: in the working copy of 'src/main/java/org/apache/log4j/chainsaw/ReceiverEventListener.java', LF will be replaced by CRLF the next time Git touches it
warning: in the working copy of 'src/main/java/org/apache/log4j/chainsaw/RuleMediator.java', LF will be replaced by CRLF the next time Git touches it
warning: in the working copy of 'src/main/java/org/apache/log4j/chainsaw/SavableTabSetting.java', LF will be replaced by CRLF the next time Git touches it
warning: in the working copy of 'src/main/java/org/apache/log4j/chainsaw/ShutdownListener.java', LF will be replaced by CRLF the next time Git touches it
warning: in the working copy of 'src/main/java/org/apache/log4j/chainsaw/SmallButton.java', LF will be replaced by CRLF the next time Git touches it
warning: in the working copy of 'src/main/java/org/apache/log4j/chainsaw/SmallToggleButton.java', LF will be replaced by CRLF the next time Git touches it
warning: in the working copy of 'src/main/java/org/apache/log4j/chainsaw/SortArrowIcon.java', LF will be replaced by CRLF the next time Git touches it
warning: in the working copy of 'src/main/java/org/apache/log4j/chainsaw/SortHeaderRenderer.java', LF will be replaced by CRLF the next time Git touches it
warning: in the working copy of 'src/main/java/org/apache/log4j/chainsaw/SortTableModel.java', LF will be replaced by CRLF the next time Git touches it
warning: in the working copy of 'src/main/java/org/apache/log4j/chainsaw/TableColorizingRenderer.java', LF will be replaced by CRLF the next time Git touches it
warning: in the working copy of 'src/main/java/org/apache/log4j/chainsaw/ThresholdSlider.java', LF will be replaced by CRLF the next time Git touches it
warning: in the working copy of 'src/main/java/org/apache/log4j/chainsaw/ThrowableRenderPanel.java', LF will be replaced by CRLF the next time Git touches it
warning: in the working copy of 'src/main/java/org/apache/log4j/chainsaw/WelcomePanel.java', LF will be replaced by CRLF the next time Git touches it
warning: in the working copy of 'src/main/java/org/apache/log4j/chainsaw/color/ColorPanel.java', LF will be replaced by CRLF the next time Git touches it
warning: in the working copy of 'src/main/java/org/apache/log4j/chainsaw/color/Colorizer.java', LF will be replaced by CRLF the next time Git touches it
warning: in the working copy of 'src/main/java/org/apache/log4j/chainsaw/color/RuleColorizer.java', LF will be replaced by CRLF the next time Git touches it
warning: in the working copy of 'src/main/java/org/apache/log4j/chainsaw/dnd/FileDnDTarget.java', LF will be replaced by CRLF the next time Git touches it
warning: in the working copy of 'src/main/java/org/apache/log4j/chainsaw/filter/EventTypeEntryContainer.java', LF will be replaced by CRLF the next time Git touches it
warning: in the working copy of 'src/main/java/org/apache/log4j/chainsaw/filter/FilterModel.java', LF will be replaced by CRLF the next time Git touches it
warning: in the working copy of 'src/main/java/org/apache/log4j/chainsaw/help/HelpLocator.java', LF will be replaced by CRLF the next time Git touches it
warning: in the working copy of 'src/main/java/org/apache/log4j/chainsaw/help/HelpManager.java', LF will be replaced by CRLF the next time Git touches it
warning: in the working copy of 'src/main/java/org/apache/log4j/chainsaw/helper/OkCancelPanel.java', LF will be replaced by CRLF the next time Git touches it
warning: in the working copy of 'src/main/java/org/apache/log4j/chainsaw/helper/SwingHelper.java', LF will be replaced by CRLF the next time Git touches it
warning: in the working copy of 'src/main/java/org/apache/log4j/chainsaw/helper/TableCellEditorFactory.java', LF will be replaced by CRLF the next time Git touches it
warning: in the working copy of 'src/main/java/org/apache/log4j/chainsaw/icons/ChainsawIcons.java', LF will be replaced by CRLF the next time Git touches it
warning: in the working copy of 'src/main/java/org/apache/log4j/chainsaw/icons/LevelIconFactory.java', LF will be replaced by CRLF the next time Git touches it
warning: in the working copy of 'src/main/java/org/apache/log4j/chainsaw/icons/LineIconFactory.java', LF will be replaced by CRLF the next time Git touches it
warning: in the working copy of 'src/main/java/org/apache/log4j/chainsaw/layout/DefaultLayoutFactory.java', LF will be replaced by CRLF the next time Git touches it
warning: in the working copy of 'src/main/java/org/apache/log4j/chainsaw/layout/EventDetailLayout.java', LF will be replaced by CRLF the next time Git touches it
warning: in the working copy of 'src/main/java/org/apache/log4j/chainsaw/layout/LayoutEditorPane.java', LF will be replaced by CRLF the next time Git touches it
warning: in the working copy of 'src/main/java/org/apache/log4j/chainsaw/logevents/ChainsawLoggingEvent.java', LF will be replaced by CRLF the next time Git touches it
warning: in the working copy of 'src/main/java/org/apache/log4j/chainsaw/logevents/ChainsawLoggingEventBuilder.java', LF will be replaced by CRLF the next time Git touches it
warning: in the working copy of 'src/main/java/org/apache/log4j/chainsaw/logevents/Level.java', LF will be replaced by CRLF the next time Git touches it
warning: in the working copy of 'src/main/java/org/apache/log4j/chainsaw/logevents/LocationInfo.java', LF will be replaced by CRLF the next time Git touches it
warning: in the working copy of 'src/main/java/org/apache/log4j/chainsaw/osx/OSXIntegration.java', LF will be replaced by CRLF the next time Git touches it
warning: in the working copy of 'src/main/java/org/apache/log4j/chainsaw/prefs/AbstractSettingsEvent.java', LF will be replaced by CRLF the next time Git touches it
warning: in the working copy of 'src/main/java/org/apache/log4j/chainsaw/prefs/LoadSettingsEvent.java', LF will be replaced by CRLF the next time Git touches it
warning: in the working copy of 'src/main/java/org/apache/log4j/chainsaw/prefs/MRUFileList.java', LF will be replaced by CRLF the next time Git touches it
warning: in the working copy of 'src/main/java/org/apache/log4j/chainsaw/prefs/MRUFileListPreferenceSaver.java', LF will be replaced by CRLF the next time Git touches it
warning: in the working copy of 'src/main/java/org/apache/log4j/chainsaw/prefs/ProfileManager.java', LF will be replaced by CRLF the next time Git touches it
warning: in the working copy of 'src/main/java/org/apache/log4j/chainsaw/prefs/Profileable.java', LF will be replaced by CRLF the next time Git touches it
warning: in the working copy of 'src/main/java/org/apache/log4j/chainsaw/prefs/SaveSettingsEvent.java', LF will be replaced by CRLF the next time Git touches it
warning: in the working copy of 'src/main/java/org/apache/log4j/chainsaw/prefs/SettingsEvent.java', LF will be replaced by CRLF the next time Git touches it
warning: in the working copy of 'src/main/java/org/apache/log4j/chainsaw/prefs/SettingsListener.java', LF will be replaced by CRLF the next time Git touches it
warning: in the working copy of 'src/main/java/org/apache/log4j/chainsaw/prefs/SettingsManager.java', LF will be replaced by CRLF the next time Git touches it
warning: in the working copy of 'src/main/java/org/apache/log4j/chainsaw/receivers/NewReceiverDialogPanel.java', LF will be replaced by CRLF the next time Git touches it
warning: in the working copy of 'src/main/java/org/apache/log4j/chainsaw/receivers/PluginPropertyEditorPanel.java', LF will be replaced by CRLF the next time Git touches it
warning: in the working copy of 'src/main/java/org/apache/log4j/chainsaw/receivers/ReceiverTreeCellRenderer.java', LF will be replaced by CRLF the next time Git touches it
warning: in the working copy of 'src/main/java/org/apache/log4j/chainsaw/receivers/ReceiversPanel.java', LF will be replaced by CRLF the next time Git touches it
warning: in the working copy of 'src/main/java/org/apache/log4j/chainsaw/receivers/ReceiversTreeModel.java', LF will be replaced by CRLF the next time Git touches it
warning: in the working copy of 'src/main/java/org/apache/log4j/chainsaw/receivers/VisualReceiver.java', LF will be replaced by CRLF the next time Git touches it
warning: in the working copy of 'src/main/java/org/apache/log4j/chainsaw/version/VersionManager.java', LF will be replaced by CRLF the next time Git touches it
warning: in the working copy of 'src/main/java/org/apache/log4j/chainsaw/vfs/VFSLogFilePatternReceiver.java', LF will be replaced by CRLF the next time Git touches it
warning: in the working copy of 'src/main/java/org/apache/log4j/chainsaw/vfs/VFSLogFilePatternReceiverBeanInfo.java', LF will be replaced by CRLF the next time Git touches it
warning: in the working copy of 'src/main/java/org/apache/log4j/chainsaw/xstream/TableColumnConverter.java', LF will be replaced by CRLF the next time Git touches it
warning: in the working copy of 'src/main/java/org/apache/log4j/chainsaw/zeroconf/ZeroConfDeviceModel.java', LF will be replaced by CRLF the next time Git touches it
warning: in the working copy of 'src/main/java/org/apache/log4j/chainsaw/zeroconf/ZeroConfPlugin.java', LF will be replaced by CRLF the next time Git touches it
warning: in the working copy of 'src/main/java/org/apache/log4j/chainsaw/zeroconf/ZeroConfPreferenceModel.java', LF will be replaced by CRLF the next time Git touches it
warning: in the working copy of 'src/main/java/org/apache/log4j/db/ConnectionSource.java', LF will be replaced by CRLF the next time Git touches it
warning: in the working copy of 'src/main/java/org/apache/log4j/db/ConnectionSourceSkeleton.java', LF will be replaced by CRLF the next time Git touches it
warning: in the working copy of 'src/main/java/org/apache/log4j/db/CustomSQLDBReceiver.java', LF will be replaced by CRLF the next time Git touches it
warning: in the working copy of 'src/main/java/org/apache/log4j/db/DBAppender.java', LF will be replaced by CRLF the next time Git touches it
warning: in the working copy of 'src/main/java/org/apache/log4j/db/DBHelper.java', LF will be replaced by CRLF the next time Git touches it
warning: in the working copy of 'src/main/java/org/apache/log4j/db/DBReceiver.java', LF will be replaced by CRLF the next time Git touches it
warning: in the working copy of 'src/main/java/org/apache/log4j/db/DBReceiverJob.java', LF will be replaced by CRLF the next time Git touches it
warning: in the working copy of 'src/main/java/org/apache/log4j/db/DataSourceConnectionSource.java', LF will be replaced by CRLF the next time Git touches it
warning: in the working copy of 'src/main/java/org/apache/log4j/db/DriverManagerConnectionSource.java', LF will be replaced by CRLF the next time Git touches it
warning: in the working copy of 'src/main/java/org/apache/log4j/db/JNDIConnectionSource.java', LF will be replaced by CRLF the next time Git touches it
warning: in the working copy of 'src/main/java/org/apache/log4j/db/dialect/HSQLDBDialect.java', LF will be replaced by CRLF the next time Git touches it
warning: in the working copy of 'src/main/java/org/apache/log4j/db/dialect/MsSQLDialect.java', LF will be replaced by CRLF the next time Git touches it
warning: in the working copy of 'src/main/java/org/apache/log4j/db/dialect/MySQLDialect.java', LF will be replaced by CRLF the next time Git touches it
warning: in the working copy of 'src/main/java/org/apache/log4j/db/dialect/OracleDialect.java', LF will be replaced by CRLF the next time Git touches it
warning: in the working copy of 'src/main/java/org/apache/log4j/db/dialect/PostgreSQLDialect.java', LF will be replaced by CRLF the next time Git touches it
warning: in the working copy of 'src/main/java/org/apache/log4j/db/dialect/SQLDialect.java', LF will be replaced by CRLF the next time Git touches it
warning: in the working copy of 'src/main/java/org/apache/log4j/db/dialect/SybaseDialect.java', LF will be replaced by CRLF the next time Git touches it
warning: in the working copy of 'src/main/java/org/apache/log4j/db/dialect/Util.java', LF will be replaced by CRLF the next time Git touches it
warning: in the working copy of 'src/main/java/org/apache/log4j/helpers/Constants.java', LF will be replaced by CRLF the next time Git touches it
warning: in the working copy of 'src/main/java/org/apache/log4j/helpers/MessageFormatter.java', LF will be replaced by CRLF the next time Git touches it
warning: in the working copy of 'src/main/java/org/apache/log4j/net/AddressBased.java', LF will be replaced by CRLF the next time Git touches it
warning: in the working copy of 'src/main/java/org/apache/log4j/net/ECSLogEvent.java', LF will be replaced by CRLF the next time Git touches it
warning: in the working copy of 'src/main/java/org/apache/log4j/net/JsonReceiver.java', LF will be replaced by CRLF the next time Git touches it
warning: in the working copy of 'src/main/java/org/apache/log4j/net/JsonReceiverFactory.java', LF will be replaced by CRLF the next time Git touches it
warning: in the working copy of 'src/main/java/org/apache/log4j/net/JsonSocketNode.java', LF will be replaced by CRLF the next time Git touches it
warning: in the working copy of 'src/main/java/org/apache/log4j/net/MulticastReceiver.java', LF will be replaced by CRLF the next time Git touches it
warning: in the working copy of 'src/main/java/org/apache/log4j/net/MulticastReceiverBeanInfo.java', LF will be replaced by CRLF the next time Git touches it
warning: in the working copy of 'src/main/java/org/apache/log4j/net/MulticastReceiverFactory.java', LF will be replaced by CRLF the next time Git touches it
warning: in the working copy of 'src/main/java/org/apache/log4j/net/NetworkBased.java', LF will be replaced by CRLF the next time Git touches it
warning: in the working copy of 'src/main/java/org/apache/log4j/net/PortBased.java', LF will be replaced by CRLF the next time Git touches it
warning: in the working copy of 'src/main/java/org/apache/log4j/net/SocketNodeEventListener.java', LF will be replaced by CRLF the next time Git touches it
warning: in the working copy of 'src/main/java/org/apache/log4j/net/UDPReceiver.java', LF will be replaced by CRLF the next time Git touches it
warning: in the working copy of 'src/main/java/org/apache/log4j/net/UDPReceiverFactory.java', LF will be replaced by CRLF the next time Git touches it
warning: in the working copy of 'src/main/java/org/apache/log4j/net/XMLReceiverFactory.java', LF will be replaced by CRLF the next time Git touches it
warning: in the working copy of 'src/main/java/org/apache/log4j/net/XMLSocketNode.java', LF will be replaced by CRLF the next time Git touches it
warning: in the working copy of 'src/main/java/org/apache/log4j/net/XMLSocketReceiver.java', LF will be replaced by CRLF the next time Git touches it
warning: in the working copy of 'src/main/java/org/apache/log4j/rule/AbstractRule.java', LF will be replaced by CRLF the next time Git touches it
warning: in the working copy of 'src/main/java/org/apache/log4j/rule/AndRule.java', LF will be replaced by CRLF the next time Git touches it
warning: in the working copy of 'src/main/java/org/apache/log4j/rule/ColorRule.java', LF will be replaced by CRLF the next time Git touches it
warning: in the working copy of 'src/main/java/org/apache/log4j/rule/EqualsRule.java', LF will be replaced by CRLF the next time Git touches it
warning: in the working copy of 'src/main/java/org/apache/log4j/rule/ExistsRule.java', LF will be replaced by CRLF the next time Git touches it
warning: in the working copy of 'src/main/java/org/apache/log4j/rule/ExpressionRule.java', LF will be replaced by CRLF the next time Git touches it
warning: in the working copy of 'src/main/java/org/apache/log4j/rule/InFixToPostFix.java', LF will be replaced by CRLF the next time Git touches it
warning: in the working copy of 'src/main/java/org/apache/log4j/rule/InequalityRule.java', LF will be replaced by CRLF the next time Git touches it
warning: in the working copy of 'src/main/java/org/apache/log4j/rule/LevelEqualsRule.java', LF will be replaced by CRLF the next time Git touches it
warning: in the working copy of 'src/main/java/org/apache/log4j/rule/LevelInequalityRule.java', LF will be replaced by CRLF the next time Git touches it
warning: in the working copy of 'src/main/java/org/apache/log4j/rule/LikeRule.java', LF will be replaced by CRLF the next time Git touches it
warning: in the working copy of 'src/main/java/org/apache/log4j/rule/NotEqualsRule.java', LF will be replaced by CRLF the next time Git touches it
warning: in the working copy of 'src/main/java/org/apache/log4j/rule/NotLevelEqualsRule.java', LF will be replaced by CRLF the next time Git touches it
warning: in the working copy of 'src/main/java/org/apache/log4j/rule/NotRule.java', LF will be replaced by CRLF the next time Git touches it
warning: in the working copy of 'src/main/java/org/apache/log4j/rule/OrRule.java', LF will be replaced by CRLF the next time Git touches it
warning: in the working copy of 'src/main/java/org/apache/log4j/rule/PartialTextMatchRule.java', LF will be replaced by CRLF the next time Git touches it
warning: in the working copy of 'src/main/java/org/apache/log4j/rule/Rule.java', LF will be replaced by CRLF the next time Git touches it
warning: in the working copy of 'src/main/java/org/apache/log4j/rule/RuleFactory.java', LF will be replaced by CRLF the next time Git touches it
warning: in the working copy of 'src/main/java/org/apache/log4j/rule/TimestampEqualsRule.java', LF will be replaced by CRLF the next time Git touches it
warning: in the working copy of 'src/main/java/org/apache/log4j/rule/TimestampInequalityRule.java', LF will be replaced by CRLF the next time Git touches it
warning: in the working copy of 'src/main/java/org/apache/log4j/scheduler/Job.java', LF will be replaced by CRLF the next time Git touches it
warning: in the working copy of 'src/main/java/org/apache/log4j/scheduler/Scheduler.java', LF will be replaced by CRLF the next time Git touches it
warning: in the working copy of 'src/main/java/org/apache/log4j/spi/Decoder.java', LF will be replaced by CRLF the next time Git touches it
warning: in the working copy of 'src/main/java/org/apache/log4j/spi/ErrorItem.java', LF will be replaced by CRLF the next time Git touches it
warning: in the working copy of 'src/main/java/org/apache/log4j/spi/LoggingEventFieldResolver.java', LF will be replaced by CRLF the next time Git touches it
warning: in the working copy of 'src/main/java/org/apache/log4j/spi/NOPULogger.java', LF will be replaced by CRLF the next time Git touches it
warning: in the working copy of 'src/main/java/org/apache/log4j/spi/SimpleULogger.java', LF will be replaced by CRLF the next time Git touches it
warning: in the working copy of 'src/main/java/org/apache/log4j/varia/LogFilePatternReceiver.java', LF will be replaced by CRLF the next time Git touches it
warning: in the working copy of 'src/main/java/org/apache/log4j/varia/LogFilePatternReceiverBeanInfo.java', LF will be replaced by CRLF the next time Git touches it
warning: in the working copy of 'src/main/java/org/apache/log4j/varia/LogFilePatternReceiverFactory.java', LF will be replaced by CRLF the next time Git touches it
warning: in the working copy of 'src/main/java/org/apache/log4j/xml/Log4jEntityResolver.java', LF will be replaced by CRLF the next time Git touches it
warning: in the working copy of 'src/main/java/org/apache/log4j/xml/LogFileXMLReceiver.java', LF will be replaced by CRLF the next time Git touches it
warning: in the working copy of 'src/main/java/org/apache/log4j/xml/UtilLoggingEntityResolver.java', LF will be replaced by CRLF the next time Git touches it
warning: in the working copy of 'src/main/java/org/apache/log4j/xml/UtilLoggingXMLDecoder.java', LF will be replaced by CRLF the next time Git touches it
warning: in the working copy of 'src/main/java/org/apache/log4j/xml/XMLDecoder.java', LF will be replaced by CRLF the next time Git touches it
warning: in the working copy of 'src/test/java/org/apache/log4j/VectorAppender.java', LF will be replaced by CRLF the next time Git touches it
warning: in the working copy of 'src/test/java/org/apache/log4j/chainsaw/LogPanelPreferenceModelTest.java', LF will be replaced by CRLF the next time Git touches it
warning: in the working copy of 'src/test/java/org/apache/log4j/db/FullCycleDBTest.java', LF will be replaced by CRLF the next time Git touches it
warning: in the working copy of 'src/test/java/org/apache/log4j/xml/XMLDecoderTest.java', LF will be replaced by CRLF the next time Git touches it
chainsaw           uptake ESCALATED              tests=5/5 cost=0.7499100000000001 viol=0 11971s
total spent 12.56
